POA&M Item ID,Control Vulnerability Description,Controls / APs,Security Checks,POA&M Status,POA&M Scheduled Completion Date,POA&M Requested Risk Accepted Expiration Date,POA&M Completion Date,Milestone ID,Milestone Description,Milestone Status,Milestone Status Comments,Milestone Scheduled Completion Date,Milestone Completion Date,Identification Source,Identification Source Details,Office/Org,Resources Required,Comments,Raw Severity,Devices Affected,Mitigations (in-house and in conjunction with the Navy CSSP),Predisposing Conditions,Severity,Relevance of Threat,Threat Description,Likelihood,Impact,Impact Description,Residual Risk Level,Recommendations,Resulting Residual Risk after Proposed Mitigations
,The version of Internet Explorer running on the system must be a supported version.,SI-2,V-252910,Ongoing,,,,,,,,,,Microsoft Internet Explorer 11 Security Technical Implementation Guide,,,,,high,"SOT-WIN2K22-01, SOT-WIN2K22-02, SOT-WIN2K22-SQL, SOT-WIN2K22-WEB, WKS1-SOTERIA, WKS2-SOTERIA, WKS3-SOTERIA, WKS4-SOTERIA, WKS5-SOTERIA, WKS6-SOTERIA, WKS7-SOTERIA",,,,,,,,,,,
,The version of Microsoft Edge running on the system must be a supported version.,SI-2,V-235758,Ongoing,,,,,,,,,,Microsoft Edge Security Technical Implementation Guide,,,,,high,"SOT-WIN2K22-01, SOT-WIN2K22-02, SOT-WIN2K22-SQL, SOT-WIN2K22-WEB, WKS1-SOTERIA, WKS2-SOTERIA, WKS3-SOTERIA, WKS4-SOTERIA, WKS5-SOTERIA, WKS6-SOTERIA, WKS7-SOTERIA",,,,,,,,,,,
,"Windows Server 2022 administrative accounts must not be used with applications that access the internet, such as web browsers, or with potential internet sources, such as email.",CM-6,V-254240,Ongoing,,,,,,,,,,Windows Server 2022 Security Technical Implementation Guide,,,,,high,SOT-WIN2K22-01,,,,,,,,,,,
,Windows Server 2022 systems requiring data at rest protections must employ cryptographic mechanisms to prevent unauthorized disclosure and modification of the information at rest.,SC-28,V-254262,Ongoing,,,,,,,,,,Windows Server 2022 Security Technical Implementation Guide,,,,,high,SOT-WIN2K22-01,,,,,,,,,,,
,Windows Server 2022 must only allow administrators responsible for the member server or standalone or nondomain-joined system to have Administrator rights on the system.,AC-6(10),V-254428,Ongoing,,,,,,,,,,Windows Server 2022 Security Technical Implementation Guide,,,,,high,SOT-WIN2K22-01,,,,,,,,,,,
,Windows Defender Firewall with Advanced Security must block unsolicited inbound connections when connected to a domain.,CM-7,V-241992,Ongoing,,,,,,,,,,Windows Defender Firewall with Advanced Security Security Technical Implementation Guide,,,,,high,"SOT-WIN2K22-01, SOT-WIN2K22-02, SOT-WIN2K22-SQL, SOT-WIN2K22-WEB, WKS1-SOTERIA, WKS2-SOTERIA, WKS3-SOTERIA, WKS4-SOTERIA, WKS5-SOTERIA, WKS6-SOTERIA, WKS7-SOTERIA",,,,,,,,,,,
,Windows Defender Firewall with Advanced Security must block unsolicited inbound connections when connected to a private network.,CM-7,V-241997,Ongoing,,,,,,,,,,Windows Defender Firewall with Advanced Security Security Technical Implementation Guide,,,,,high,"SOT-WIN2K22-01, SOT-WIN2K22-02, SOT-WIN2K22-SQL, SOT-WIN2K22-WEB, WKS1-SOTERIA, WKS2-SOTERIA, WKS3-SOTERIA, WKS4-SOTERIA, WKS5-SOTERIA, WKS6-SOTERIA, WKS7-SOTERIA",,,,,,,,,,,
,Windows Defender Firewall with Advanced Security must block unsolicited inbound connections when connected to a public network.,CM-7,V-242002,Ongoing,,,,,,,,,,Windows Defender Firewall with Advanced Security Security Technical Implementation Guide,,,,,high,"SOT-WIN2K22-01, SOT-WIN2K22-02, SOT-WIN2K22-SQL, SOT-WIN2K22-WEB, WKS1-SOTERIA, WKS2-SOTERIA, WKS3-SOTERIA, WKS4-SOTERIA, WKS5-SOTERIA, WKS6-SOTERIA, WKS7-SOTERIA",,,,,,,,,,,
,SQL Server must be configured to use the most-secure authentication method available.,AC-2(1),V-271264,Ongoing,,,,,,,,,,Microsoft SQL Server 2022 Instance Security Technical Implementation Guide,,,,,high,SOT-WIN2K22-SQL-SQLEXPRESS,,,,,,,,,,,
,"SQL Server must integrate with an organization-level authentication/access mechanism providing account management and automation for all users, groups, roles, and any other principals.",AC-2(1),V-271265,Ongoing,,,,,,,,,,Microsoft SQL Server 2022 Instance Security Technical Implementation Guide,,,,,high,SOT-WIN2K22-SQL-SQLEXPRESS,,,,,,,,,,,
,SQL Server must enforce approved authorizations for logical access to information and system resources in accordance with applicable access control policies.,AC-3,V-271266,Ongoing,,,,,,,,,,Microsoft SQL Server 2022 Instance Security Technical Implementation Guide,,,,,high,SOT-WIN2K22-SQL-SQLEXPRESS,,,,,,,,,,,
,SQL Server software installation account must be restricted to authorized users.,CM-5(6),V-271286,Ongoing,,,,,,,,,,Microsoft SQL Server 2022 Instance Security Technical Implementation Guide,,,,,high,SOT-WIN2K22-SQL-SQLEXPRESS,,,,,,,,,,,
,"If passwords are used for authentication, SQL Server must transmit only encrypted representations of passwords.",IA-5(1),V-271309,Ongoing,,,,,,,,,,Microsoft SQL Server 2022 Instance Security Technical Implementation Guide,,,,,high,SOT-WIN2K22-SQL-SQLEXPRESS,,,,,,,,,,,
,Confidentiality of information during transmission must be controlled through the use of an approved TLS version.,IA-5(1),V-271310,Ongoing,,,,,,,,,,Microsoft SQL Server 2022 Instance Security Technical Implementation Guide,,,,,high,SOT-WIN2K22-SQL-SQLEXPRESS,,,,,,,,,,,
,"When using command-line tools such as SQLCMD in a mixed-mode authentication environment, users must use a logon method that does not expose the password.",IA-6,V-271313,Ongoing,,,,,,,,,,Microsoft SQL Server 2022 Instance Security Technical Implementation Guide,,,,,high,SOT-WIN2K22-SQL-SQLEXPRESS,,,,,,,,,,,
,The Master Key must be backed up and stored in a secure location that is not on the SQL Server.,SC-28,V-271322,Ongoing,,,,,,,,,,Microsoft SQL Server 2022 Instance Security Technical Implementation Guide,,,,,high,SOT-WIN2K22-SQL-SQLEXPRESS,,,,,,,,,,,
,The Service Master Key must be backed up and stored in a secure location that is not on the SQL Server.,SC-28,V-271323,Ongoing,,,,,,,,,,Microsoft SQL Server 2022 Instance Security Technical Implementation Guide,,,,,high,SOT-WIN2K22-SQL-SQLEXPRESS,,,,,,,,,,,
,SQL Server must protect the confidentiality and integrity of all information at rest.,SC-28,V-271324,Ongoing,,,,,,,,,,Microsoft SQL Server 2022 Instance Security Technical Implementation Guide,,,,,high,SOT-WIN2K22-SQL-SQLEXPRESS,,,,,,,,,,,
,Microsoft SQL Server products must be a version supported by the vendor.,SA-22,V-271365,Ongoing,,,,,,,,,,Microsoft SQL Server 2022 Instance Security Technical Implementation Guide,,,,,high,SOT-WIN2K22-SQL-SQLEXPRESS,,,,,,,,,,,
,"All IIS 10.0 web server sample code, example applications, and tutorials must be removed from a production IIS 10.0 server.",CM-7,V-218795,Ongoing,,,,,,,,,,Microsoft IIS 10.0 Server Security Technical Implementation Guide,,,,,high,SOT-WIN2K22-WEB,,,,,,,,,,,
,"IIS 10.0 Web server accounts accessing the directory tree, the shell, or other operating system functions and utilities must only be administrative accounts.",SC-2,V-218802,Ongoing,,,,,,,,,,Microsoft IIS 10.0 Server Security Technical Implementation Guide,,,,,high,SOT-WIN2K22-WEB,,,,,,,,,,,
,An IIS 10.0 web server must maintain the confidentiality of controlled information during transmission through the use of an approved Transport Layer Security (TLS) version.,SC-8,V-218821,Ongoing,,,,,,,,,,Microsoft IIS 10.0 Server Security Technical Implementation Guide,,,,,high,SOT-WIN2K22-WEB,,,,,,,,,,,
,All accounts installed with the IIS 10.0 web server software and tools must have passwords assigned and default passwords changed.,CM-6,V-218823,Ongoing,,,,,,,,,,Microsoft IIS 10.0 Server Security Technical Implementation Guide,,,,,high,SOT-WIN2K22-WEB,,,,,,,,,,,
,Anonymous IIS 10.0 website access accounts must be restricted.,SC-2,V-218750,Ongoing,,,,,,,,,,Microsoft IIS 10.0 Site Security Technical Implementation Guide,,,,,high,SOT-WIN2K22-WEB,,,,,,,,,,,
,The IIS 10.0 private website must employ cryptographic mechanisms (TLS) and require client certificates.,SC-28(1),V-218768,Ongoing,,,,,,,,,,Microsoft IIS 10.0 Site Security Technical Implementation Guide,,,,,high,SOT-WIN2K22-WEB,,,,,,,,,,,
,The Adobe Acrobat Pro DC Continuous latest security-related software updates must be installed.,SI-2,V-213129,Ongoing,,,,,,,,,,Adobe Acrobat Professional DC Continuous Track Security Technical Implementation Guide,,,,,high,"WKS1-SOTERIA, WKS2-SOTERIA, WKS3-SOTERIA, WKS4-SOTERIA, WKS5-SOTERIA, WKS6-SOTERIA, WKS7-SOTERIA",,,,,,,,,,,
,Windows 11 information systems must use BitLocker to encrypt all disks to protect the confidentiality and integrity of all information at rest.,SC-28(1),V-253259,Ongoing,,,,,,,,,,Windows 11 Security Technical Implementation Guide,,,,,high,"WKS1-SOTERIA, WKS2-SOTERIA, WKS3-SOTERIA, WKS4-SOTERIA, WKS5-SOTERIA, WKS6-SOTERIA, WKS7-SOTERIA",,,,,,,,,,,
,Windows 11 systems must use a BitLocker PIN for pre-boot authentication.,SC-28(1),V-253260,Ongoing,,,,,,,,,,Windows 11 Security Technical Implementation Guide,,,,,high,"WKS1-SOTERIA, WKS2-SOTERIA, WKS3-SOTERIA, WKS4-SOTERIA, WKS5-SOTERIA, WKS6-SOTERIA, WKS7-SOTERIA",,,,,,,,,,,
,The Windows 11 system must use an antivirus program.,CM-6,V-253264,Ongoing,,,,,,,,,,Windows 11 Security Technical Implementation Guide,,,,,high,"WKS1-SOTERIA, WKS2-SOTERIA, WKS4-SOTERIA, WKS5-SOTERIA",,,,,,,,,,,
,Only accounts responsible for the administration of a system must have Administrator rights on the system.,AC-3(4),V-253269,Ongoing,,,,,,,,,,Windows 11 Security Technical Implementation Guide,,,,,high,"WKS1-SOTERIA, WKS2-SOTERIA, WKS3-SOTERIA, WKS4-SOTERIA, WKS5-SOTERIA, WKS6-SOTERIA, WKS7-SOTERIA",,,,,,,,,,,
,"Administrative accounts must not be used with applications that access the internet, such as web browsers, or with potential internet sources, such as email.",CM-6,V-253294,Ongoing,,,,,,,,,,Windows 11 Security Technical Implementation Guide,,,,,high,"WKS1-SOTERIA, WKS2-SOTERIA, WKS3-SOTERIA, WKS4-SOTERIA, WKS5-SOTERIA, WKS6-SOTERIA, WKS7-SOTERIA",,,,,,,,,,,
,Credential Guard must be running on Windows 11 domain-joined systems.,CM-6,V-253370,Ongoing,,,,,,,,,,Windows 11 Security Technical Implementation Guide,,,,,high,"WKS1-SOTERIA, WKS2-SOTERIA, WKS3-SOTERIA, WKS4-SOTERIA, WKS5-SOTERIA, WKS6-SOTERIA, WKS7-SOTERIA",,,,,,,,,,,
,Anonymous SID/Name translation must not be allowed.,CM-6,V-253452,Ongoing,,,,,,,,,,Windows 11 Security Technical Implementation Guide,,,,,high,"WKS1-SOTERIA, WKS2-SOTERIA, WKS4-SOTERIA, WKS5-SOTERIA",,,,,,,,,,,
,The installed version of Firefox must be supported.,SI-2,V-251545,Ongoing,,,,,,,,,,Mozilla Firefox Security Technical Implementation Guide,,,,,high,"WKS1-SOTERIA, WKS2-SOTERIA, WKS3-SOTERIA, WKS4-SOTERIA, WKS5-SOTERIA, WKS6-SOTERIA, WKS7-SOTERIA",,,,,,,,,,,
,Adobe Reader DC must have the latest Security-related Software Updates installed.,SI-2,V-213192,Ongoing,,,,,,,,,,Adobe Acrobat Reader DC Continuous Track Security Technical Implementation Guide,,,,,high,WKS7-SOTERIA,,,,,,,,,,,
,"Title:
Microsoft Windows Notepad < 11.2510 Command Injection (February 2026)

Description:
The Windows 'Microsoft Windows Notepad' app installed on the remote host is prior to version 11.2510. It is, therefore, affected by a command injection vulnerability:

  - Improper neutralization of special elements used in a command allows an unauthorized     attacker to execute code over a network. (CVE-2026-20841)

Note that Nessus has not tested for this issue but has instead relied only on the application's self-reported version number.",,298646,Ongoing,05/22/2026,,,,,,,,,ACAS / Nessus :: 10.10.1.202603030606,,Soteria Software LLC,,,High,WKS2-SOTERIA,,,High,High,,Moderate,High,,Moderate,,Moderate
,"Title:
Microsoft Teams for Desktop < 25122.1415.3698.6812 Remote Code Execution (August 2025)

Description:
The version of Microsoft Teams for Desktop on the remote Windows host is prior to 25122.1415.3698.6812 It is, therefore, affected by a remote code execution vulnerability:

  - Heap-based buffer overflow in Microsoft Teams allows an unauthorized attacker to execute code over a network.
    (CVE-2025-53783)

Note that Nessus has not tested for this issue but has instead relied only on the application's self-reported version number.",,250276,Ongoing,05/22/2026,,,,,,,,,ACAS / Nessus :: 10.10.1.202603040133,,Soteria Software LLC,,,High,"WKS7-SOTERIA, WKS6-SOTERIA, WKS5-SOTERIA, WKS3-SOTERIA",,,High,High,,Moderate,High,,Moderate,,Moderate
,"Title:
WinVerifyTrust Signature Validation CVE-2013-3900 Mitigation (EnableCertPaddingCheck)

Description:
The remote system may be in a vulnerable state to CVE-2013-3900 due to a missing or misconfigured registry keys:
    - HKEY_LOCAL_MACHINE\Software\Microsoft\Cryptography\Wintrust\Config\EnableCertPaddingCheck
    - HKEY_LOCAL_MACHINE\Software\Wow6432Node\Microsoft\Cryptography\Wintrust\Config\EnableCertPaddingCheck     An unauthenticated, remote attacker could exploit this, by sending specially crafted requests, to execute arbitrary code on an affected host.",,166555,Ongoing,05/22/2026,,,,,,,,,ACAS / Nessus :: 10.10.1.202603040133,,Soteria Software LLC,,,High,"WKS7-SOTERIA, WKS6-SOTERIA, WKS5-SOTERIA, WKS4-SOTERIA, WKS3-SOTERIA, WKS2-SOTERIA, WKS1-SOTERIA",,,High,High,,Moderate,High,,Moderate,,Moderate
,"Title:
KB5075941: Windows 11 version 23H2 Security Update (February 2026)

Description:
The remote Windows host is missing security update 5075941. It is, therefore, affected by multiple vulnerabilities

  - Protection mechanism failure in MSHTML Framework allows an unauthorized attacker to bypass a security     feature over a network. (CVE-2026-21513)

  - Access of resource using incompatible type ('type confusion') in Desktop Window Manager allows an     authorized attacker to elevate privileges locally. (CVE-2026-21519)

  - Heap-based buffer overflow in Windows Hyper-V allows an authorized attacker to execute code locally.
    (CVE-2026-21244, CVE-2026-21248)

Note that Nessus has not tested for these issues but has instead relied only on the application's self-reported version number.",,298554,Ongoing,05/22/2026,,,,,,,,,ACAS / Nessus :: 10.10.1.202603040133,,Soteria Software LLC,,,High,"WKS2-SOTERIA, WKS1-SOTERIA",,,High,High,,Moderate,High,,Moderate,,Moderate
,"Title:
KB5073455: Windows 11 version 23H2 Security Update (January 2026)

Description:
The remote Windows host is missing security update 5073455. It is, therefore, affected by multiple vulnerabilities

  - Untrusted pointer dereference in Windows Cloud Files Mini Filter Driver allows an authorized attacker to     elevate privileges locally. (CVE-2026-20857)

  - An issue was discovered in Broadcom) LSI PCI-SV92EX Soft Modem Kernel Driver through 2.2.100.1 (aka     AGRSM64.sys). There is Local Privilege Escalation to SYSTEM via a Stack Overflow in RTLCopyMemory (IOCTL     0x1b2150). An attacker can exploit this to elevate privileges from a medium-integrity process to SYSTEM.
    This can also be used to bypass kernel-level protections such as AV or PPL, because exploit code runs with     high-integrity privileges and can be used in coordinated BYOVD (bring your own vulnerable driver)     ransomware campaigns. (CVE-2023-31096)

  - Windows Remote Procedure Call Interface Definition Language (IDL) Elevation of Privilege Vulnerability     (CVE-2026-20832)

Note that Nessus has not tested for these issues but has instead relied only on the application's self-reported version number.",,283472,Ongoing,05/22/2026,,,,,,,,,ACAS / Nessus :: 10.10.1.202603040133,,Soteria Software LLC,,,High,"WKS2-SOTERIA, WKS1-SOTERIA",,,High,High,,Moderate,High,,Moderate,,Moderate
,"Title:
KB5071417: Windows 11 version 22H2 /  Windows 11 version 23H2 Security Update (December 2025)

Description:
The remote Windows host is missing security update 5071417. It is, therefore, affected by multiple vulnerabilities

  - Untrusted pointer dereference in Windows Routing and Remote Access Service (RRAS) allows an unauthorized     attacker to execute code over a network. (CVE-2025-62549)

  - Heap-based buffer overflow in Windows Resilient File System (ReFS) allows an authorized attacker to     execute code over a network. (CVE-2025-62456)

  - Out-of-bounds read in Windows Cloud Files Mini Filter Driver allows an authorized attacker to elevate     privileges locally. (CVE-2025-62457)

Note that Nessus has not tested for these issues but has instead relied only on the application's self-reported version number.",,277996,Ongoing,05/22/2026,,,,,,,,,ACAS / Nessus :: 10.10.1.202603040133,,Soteria Software LLC,,,High,"WKS2-SOTERIA, WKS1-SOTERIA",,,High,High,,Moderate,High,,Moderate,,Moderate
,"Title:
Microsoft Windows Notepad < 11.2510 Command Injection (February 2026)

Description:
The Windows 'Microsoft Windows Notepad' app installed on the remote host is prior to version 11.2510. It is, therefore, affected by a command injection vulnerability:

  - Improper neutralization of special elements used in a command allows an unauthorized     attacker to execute code over a network. (CVE-2026-20841)

Note that Nessus has not tested for this issue but has instead relied only on the application's self-reported version number.",,298646,Ongoing,05/22/2026,,,,,,,,,ACAS / Nessus :: 10.10.1.202603040133,,Soteria Software LLC,,,High,WKS1-SOTERIA,,,High,High,,Moderate,High,,Moderate,,Moderate
,"Title:
Windows Speculative Execution Configuration Check

Description:
The remote host has not properly mitigated a series of known speculative execution vulnerabilities. It, therefore, may be affected by :
  - Branch Target Injection (BTI) (CVE-2017-5715)
  - Bounds Check Bypass (BCB) (CVE-2017-5753)
  - Rogue Data Cache Load (RDCL) (CVE-2017-5754)
  - Rogue System Register Read (RSRE) (CVE-2018-3640)
  - Speculative Store Bypass (SSB) (CVE-2018-3639)
  - L1 Terminal Fault (L1TF) (CVE-2018-3615, CVE-2018-3620, CVE-2018-3646)
  - Microarchitectural Data Sampling Uncacheable Memory (MDSUM) (CVE-2019-11091)
  - Microarchitectural Store Buffer Data Sampling (MSBDS) (CVE-2018-12126)
  - Microarchitectural Load Port Data Sampling (MLPDS) (CVE-2018-12127)
  - Microarchitectural Fill Buffer Data Sampling (MFBDS) (CVE-2018-12130)
  - TSX Asynchronous Abort (TAA) (CVE-2019-11135)
  - Intel Branch History Injection (BHI) (CVE-2022-0001)",,132101,Ongoing,,,,,,,,,,ACAS / Nessus :: 10.10.1.202603040133,,,,,Medium,"SOT-WIN2K22-SQL, SOT-WIN2K22-WEB",,,,,,,,,,,
,The version of Google Chrome running on the system must be a supported version.,SI-2,V-221584,Ongoing,,,,,,,,,,Google Chrome Current Windows Security Technical Implementation Guide,,,,,medium,"SOT-WIN2K22-01, SOT-WIN2K22-02, SOT-WIN2K22-SQL, SOT-WIN2K22-WEB, WKS1-SOTERIA, WKS2-SOTERIA, WKS3-SOTERIA, WKS4-SOTERIA, WKS5-SOTERIA, WKS6-SOTERIA, WKS7-SOTERIA",,,,,,,,,,,
,URLs must be allowlisted for Autoplay use.,SC-18(4),V-221596,Ongoing,,,,,,,,,,Google Chrome Current Windows Security Technical Implementation Guide,,,,,medium,"SOT-WIN2K22-01, SOT-WIN2K22-02, SOT-WIN2K22-SQL, SOT-WIN2K22-WEB, WKS1-SOTERIA, WKS2-SOTERIA, WKS3-SOTERIA, WKS4-SOTERIA, WKS5-SOTERIA, WKS6-SOTERIA, WKS7-SOTERIA",,,,,,,,,,,
,Session only based cookies must be enabled.,AU-10,V-245539,Ongoing,,,,,,,,,,Google Chrome Current Windows Security Technical Implementation Guide,,,,,medium,"SOT-WIN2K22-01, SOT-WIN2K22-02, SOT-WIN2K22-SQL, SOT-WIN2K22-WEB, WKS1-SOTERIA, WKS2-SOTERIA, WKS3-SOTERIA, WKS4-SOTERIA, WKS5-SOTERIA, WKS6-SOTERIA, WKS7-SOTERIA",,,,,,,,,,,
,Create Themes with AI must be disabled.,AU-12,V-275780,Ongoing,,,,,,,,,,Google Chrome Current Windows Security Technical Implementation Guide,,,,,medium,"SOT-WIN2K22-01, SOT-WIN2K22-02, SOT-WIN2K22-SQL, SOT-WIN2K22-WEB, WKS1-SOTERIA, WKS2-SOTERIA, WKS3-SOTERIA, WKS4-SOTERIA, WKS5-SOTERIA, WKS6-SOTERIA, WKS7-SOTERIA",,,,,,,,,,,
,DevTools Generative AI features must be disabled.,AU-12,V-275781,Ongoing,,,,,,,,,,Google Chrome Current Windows Security Technical Implementation Guide,,,,,medium,"SOT-WIN2K22-01, SOT-WIN2K22-02, SOT-WIN2K22-SQL, SOT-WIN2K22-WEB, WKS1-SOTERIA, WKS2-SOTERIA, WKS3-SOTERIA, WKS4-SOTERIA, WKS5-SOTERIA, WKS6-SOTERIA, WKS7-SOTERIA",,,,,,,,,,,
,GenAI local foundational model must be disabled.,AU-12,V-275782,Ongoing,,,,,,,,,,Google Chrome Current Windows Security Technical Implementation Guide,,,,,medium,"SOT-WIN2K22-01, SOT-WIN2K22-02, SOT-WIN2K22-SQL, SOT-WIN2K22-WEB, WKS1-SOTERIA, WKS2-SOTERIA, WKS3-SOTERIA, WKS4-SOTERIA, WKS5-SOTERIA, WKS6-SOTERIA, WKS7-SOTERIA",,,,,,,,,,,
,Help Me Write must be disabled.,AU-12,V-275783,Ongoing,,,,,,,,,,Google Chrome Current Windows Security Technical Implementation Guide,,,,,medium,"SOT-WIN2K22-01, SOT-WIN2K22-02, SOT-WIN2K22-SQL, SOT-WIN2K22-WEB, WKS1-SOTERIA, WKS2-SOTERIA, WKS3-SOTERIA, WKS4-SOTERIA, WKS5-SOTERIA, WKS6-SOTERIA, WKS7-SOTERIA",,,,,,,,,,,
,AI-powered History Search must be disabled.,AU-12,V-275784,Ongoing,,,,,,,,,,Google Chrome Current Windows Security Technical Implementation Guide,,,,,medium,"SOT-WIN2K22-01, SOT-WIN2K22-02, SOT-WIN2K22-SQL, SOT-WIN2K22-WEB, WKS1-SOTERIA, WKS2-SOTERIA, WKS3-SOTERIA, WKS4-SOTERIA, WKS5-SOTERIA, WKS6-SOTERIA, WKS7-SOTERIA",,,,,,,,,,,
,Tab Compare Settings must be disabled.,AU-12,V-275785,Ongoing,,,,,,,,,,Google Chrome Current Windows Security Technical Implementation Guide,,,,,medium,"SOT-WIN2K22-01, SOT-WIN2K22-02, SOT-WIN2K22-SQL, SOT-WIN2K22-WEB, WKS1-SOTERIA, WKS2-SOTERIA, WKS3-SOTERIA, WKS4-SOTERIA, WKS5-SOTERIA, WKS6-SOTERIA, WKS7-SOTERIA",,,,,,,,,,,
,Microsoft Defender AV must block Adobe Reader from creating child processes.,SC-18(4),V-278647,Ongoing,,,,,,,,,,Microsoft Defender Antivirus Security Technical Implementation Guide,,,,,medium,"SOT-WIN2K22-01, SOT-WIN2K22-02, SOT-WIN2K22-SQL, SOT-WIN2K22-WEB, WKS1-SOTERIA, WKS2-SOTERIA, WKS3-SOTERIA, WKS4-SOTERIA, WKS5-SOTERIA, WKS6-SOTERIA, WKS7-SOTERIA",,,,,,,,,,,
,Microsoft Defender AV must block credential stealing from the Windows local security authority subsystem.,SC-18(4),V-278648,Ongoing,,,,,,,,,,Microsoft Defender Antivirus Security Technical Implementation Guide,,,,,medium,"SOT-WIN2K22-01, SOT-WIN2K22-02, SOT-WIN2K22-SQL, SOT-WIN2K22-WEB, WKS1-SOTERIA, WKS2-SOTERIA, WKS3-SOTERIA, WKS4-SOTERIA, WKS5-SOTERIA, WKS6-SOTERIA, WKS7-SOTERIA",,,,,,,,,,,
,Microsoft Defender AV must block untrusted and unsigned processes that run from USB.,SC-18(4),V-278649,Ongoing,,,,,,,,,,Microsoft Defender Antivirus Security Technical Implementation Guide,,,,,medium,"SOT-WIN2K22-01, SOT-WIN2K22-02, SOT-WIN2K22-SQL, SOT-WIN2K22-WEB, WKS1-SOTERIA, WKS2-SOTERIA, WKS3-SOTERIA, WKS4-SOTERIA, WKS5-SOTERIA, WKS6-SOTERIA, WKS7-SOTERIA",,,,,,,,,,,
,Microsoft Defender AV must use advanced protection against ransomware.,SC-18(4),V-278650,Ongoing,,,,,,,,,,Microsoft Defender Antivirus Security Technical Implementation Guide,,,,,medium,"SOT-WIN2K22-01, SOT-WIN2K22-02, SOT-WIN2K22-SQL, SOT-WIN2K22-WEB, WKS1-SOTERIA, WKS2-SOTERIA, WKS3-SOTERIA, WKS4-SOTERIA, WKS5-SOTERIA, WKS6-SOTERIA, WKS7-SOTERIA",,,,,,,,,,,
,Microsoft Defender AV must audit process creations originating from PSExec and WMI commands.,SC-18(4),V-278651,Ongoing,,,,,,,,,,Microsoft Defender Antivirus Security Technical Implementation Guide,,,,,medium,"SOT-WIN2K22-01, SOT-WIN2K22-02, SOT-WIN2K22-SQL, SOT-WIN2K22-WEB, WKS1-SOTERIA, WKS2-SOTERIA, WKS3-SOTERIA, WKS4-SOTERIA, WKS5-SOTERIA, WKS6-SOTERIA, WKS7-SOTERIA",,,,,,,,,,,
,Microsoft Defender AV must audit persistence through WMI event subscription.,SC-18(4),V-278652,Ongoing,,,,,,,,,,Microsoft Defender Antivirus Security Technical Implementation Guide,,,,,medium,"SOT-WIN2K22-01, SOT-WIN2K22-02, SOT-WIN2K22-SQL, SOT-WIN2K22-WEB, WKS1-SOTERIA, WKS2-SOTERIA, WKS3-SOTERIA, WKS4-SOTERIA, WKS5-SOTERIA, WKS6-SOTERIA, WKS7-SOTERIA",,,,,,,,,,,
,"Microsoft Defender AV must audit executable files from running unless they meet a prevalence, age, or trusted list criterion.",SC-18(4),V-278653,Ongoing,,,,,,,,,,Microsoft Defender Antivirus Security Technical Implementation Guide,,,,,medium,"SOT-WIN2K22-01, SOT-WIN2K22-02, SOT-WIN2K22-SQL, SOT-WIN2K22-WEB, WKS1-SOTERIA, WKS2-SOTERIA, WKS3-SOTERIA, WKS4-SOTERIA, WKS5-SOTERIA, WKS6-SOTERIA, WKS7-SOTERIA",,,,,,,,,,,
,Microsoft Defender AV must block Office communication application from creating child processes.,SC-18(4),V-278654,Ongoing,,,,,,,,,,Microsoft Defender Antivirus Security Technical Implementation Guide,,,,,medium,"SOT-WIN2K22-01, SOT-WIN2K22-02, SOT-WIN2K22-SQL, SOT-WIN2K22-WEB, WKS1-SOTERIA, WKS2-SOTERIA, WKS3-SOTERIA, WKS4-SOTERIA, WKS5-SOTERIA, WKS6-SOTERIA, WKS7-SOTERIA",,,,,,,,,,,
,Microsoft Defender AV must block abuse of exploited vulnerable signed drivers.,SC-18(4),V-278655,Ongoing,,,,,,,,,,Microsoft Defender Antivirus Security Technical Implementation Guide,,,,,medium,"SOT-WIN2K22-01, SOT-WIN2K22-02, SOT-WIN2K22-SQL, SOT-WIN2K22-WEB, WKS1-SOTERIA, WKS2-SOTERIA, WKS3-SOTERIA, WKS4-SOTERIA, WKS5-SOTERIA, WKS6-SOTERIA, WKS7-SOTERIA",,,,,,,,,,,
,Microsoft Defender AV must configure local administrator merge behavior for lists.,SC-18(4),V-278656,Ongoing,,,,,,,,,,Microsoft Defender Antivirus Security Technical Implementation Guide,,,,,medium,"SOT-WIN2K22-01, SOT-WIN2K22-02, SOT-WIN2K22-SQL, SOT-WIN2K22-WEB, WKS1-SOTERIA, WKS2-SOTERIA, WKS3-SOTERIA, WKS4-SOTERIA, WKS5-SOTERIA, WKS6-SOTERIA, WKS7-SOTERIA",,,,,,,,,,,
,Microsoft Defender AV must control whether exclusions are visible to Local Admins.,SC-18(4),V-278658,Ongoing,,,,,,,,,,Microsoft Defender Antivirus Security Technical Implementation Guide,,,,,medium,"SOT-WIN2K22-01, SOT-WIN2K22-02, SOT-WIN2K22-SQL, SOT-WIN2K22-WEB, WKS1-SOTERIA, WKS2-SOTERIA, WKS3-SOTERIA, WKS4-SOTERIA, WKS5-SOTERIA, WKS6-SOTERIA, WKS7-SOTERIA",,,,,,,,,,,
,Microsoft Defender AV must randomize scheduled task times.,SI-3,V-278659,Ongoing,,,,,,,,,,Microsoft Defender Antivirus Security Technical Implementation Guide,,,,,medium,"SOT-WIN2K22-01, SOT-WIN2K22-02, SOT-WIN2K22-SQL, SOT-WIN2K22-WEB, WKS1-SOTERIA, WKS2-SOTERIA, WKS3-SOTERIA, WKS4-SOTERIA, WKS5-SOTERIA, WKS6-SOTERIA, WKS7-SOTERIA",,,,,,,,,,,
,Microsoft Defender AV must hide the Family options area.,SC-18(4),V-278660,Ongoing,,,,,,,,,,Microsoft Defender Antivirus Security Technical Implementation Guide,,,,,medium,"SOT-WIN2K22-01, SOT-WIN2K22-02, SOT-WIN2K22-SQL, SOT-WIN2K22-WEB, WKS1-SOTERIA, WKS2-SOTERIA, WKS3-SOTERIA, WKS4-SOTERIA, WKS5-SOTERIA, WKS6-SOTERIA, WKS7-SOTERIA",,,,,,,,,,,
,Microsoft Defender AV must enable the file hash computation feature.,SC-18(4),V-278661,Ongoing,,,,,,,,,,Microsoft Defender Antivirus Security Technical Implementation Guide,,,,,medium,"SOT-WIN2K22-01, SOT-WIN2K22-02, SOT-WIN2K22-SQL, SOT-WIN2K22-WEB, WKS1-SOTERIA, WKS2-SOTERIA, WKS3-SOTERIA, WKS4-SOTERIA, WKS5-SOTERIA, WKS6-SOTERIA, WKS7-SOTERIA",,,,,,,,,,,
,Microsoft Defender AV must enable extended cloud check.,SC-18(4),V-278662,Ongoing,,,,,,,,,,Microsoft Defender Antivirus Security Technical Implementation Guide,,,,,medium,"SOT-WIN2K22-01, SOT-WIN2K22-02, SOT-WIN2K22-SQL, SOT-WIN2K22-WEB, WKS1-SOTERIA, WKS2-SOTERIA, WKS3-SOTERIA, WKS4-SOTERIA, WKS5-SOTERIA, WKS6-SOTERIA, WKS7-SOTERIA",,,,,,,,,,,
,Microsoft Defender AV must enable script scanning.,SI-3,V-278668,Ongoing,,,,,,,,,,Microsoft Defender Antivirus Security Technical Implementation Guide,,,,,medium,"SOT-WIN2K22-01, SOT-WIN2K22-02, SOT-WIN2K22-SQL, SOT-WIN2K22-WEB, WKS1-SOTERIA, WKS2-SOTERIA, WKS3-SOTERIA, WKS4-SOTERIA, WKS5-SOTERIA, WKS6-SOTERIA, WKS7-SOTERIA",,,,,,,,,,,
,Microsoft Defender AV must enable real-time protection and Security Intelligence Updates during OOBE.,SI-3,V-278669,Ongoing,,,,,,,,,,Microsoft Defender Antivirus Security Technical Implementation Guide,,,,,medium,"SOT-WIN2K22-01, SOT-WIN2K22-02, SOT-WIN2K22-SQL, SOT-WIN2K22-WEB, WKS1-SOTERIA, WKS2-SOTERIA, WKS3-SOTERIA, WKS4-SOTERIA, WKS5-SOTERIA, WKS6-SOTERIA, WKS7-SOTERIA",,,,,,,,,,,
,Microsoft Defender AV must enable network protection to be configured into block or audit mode on Windows Server.,SC-18(4),V-278672,Ongoing,,,,,,,,,,Microsoft Defender Antivirus Security Technical Implementation Guide,,,,,medium,"SOT-WIN2K22-01, SOT-WIN2K22-02, SOT-WIN2K22-SQL, SOT-WIN2K22-WEB, WKS1-SOTERIA, WKS2-SOTERIA, WKS3-SOTERIA, WKS4-SOTERIA, WKS5-SOTERIA, WKS6-SOTERIA, WKS7-SOTERIA",,,,,,,,,,,
,Microsoft Defender AV must enable EDR in block mode.,SC-18(4),V-278674,Ongoing,,,,,,,,,,Microsoft Defender Antivirus Security Technical Implementation Guide,,,,,medium,"SOT-WIN2K22-01, SOT-WIN2K22-02, SOT-WIN2K22-SQL, SOT-WIN2K22-WEB, WKS1-SOTERIA, WKS2-SOTERIA, WKS3-SOTERIA, WKS4-SOTERIA, WKS5-SOTERIA, WKS6-SOTERIA, WKS7-SOTERIA",,,,,,,,,,,
,Microsoft Defender AV must report Dynamic Signature dropped events.,SC-18(4),V-278675,Ongoing,,,,,,,,,,Microsoft Defender Antivirus Security Technical Implementation Guide,,,,,medium,"SOT-WIN2K22-01, SOT-WIN2K22-02, SOT-WIN2K22-SQL, SOT-WIN2K22-WEB, WKS1-SOTERIA, WKS2-SOTERIA, WKS3-SOTERIA, WKS4-SOTERIA, WKS5-SOTERIA, WKS6-SOTERIA, WKS7-SOTERIA",,,,,,,,,,,
,Microsoft Defender AV must scan excluded files and directories during quick scans.,SI-3,V-278676,Ongoing,,,,,,,,,,Microsoft Defender Antivirus Security Technical Implementation Guide,,,,,medium,"SOT-WIN2K22-01, SOT-WIN2K22-02, SOT-WIN2K22-SQL, SOT-WIN2K22-WEB, WKS1-SOTERIA, WKS2-SOTERIA, WKS3-SOTERIA, WKS4-SOTERIA, WKS5-SOTERIA, WKS6-SOTERIA, WKS7-SOTERIA",,,,,,,,,,,
,Microsoft Defender AV must convert warn verdict to block.,SC-18(4),V-278677,Ongoing,,,,,,,,,,Microsoft Defender Antivirus Security Technical Implementation Guide,,,,,medium,"SOT-WIN2K22-01, SOT-WIN2K22-02, SOT-WIN2K22-SQL, SOT-WIN2K22-WEB, WKS1-SOTERIA, WKS2-SOTERIA, WKS3-SOTERIA, WKS4-SOTERIA, WKS5-SOTERIA, WKS6-SOTERIA, WKS7-SOTERIA",,,,,,,,,,,
,Microsoft Defender AV must enable asynchronous inspection.,SC-18(4),V-278678,Ongoing,,,,,,,,,,Microsoft Defender Antivirus Security Technical Implementation Guide,,,,,medium,"SOT-WIN2K22-01, SOT-WIN2K22-02, SOT-WIN2K22-SQL, SOT-WIN2K22-WEB, WKS1-SOTERIA, WKS2-SOTERIA, WKS3-SOTERIA, WKS4-SOTERIA, WKS5-SOTERIA, WKS6-SOTERIA, WKS7-SOTERIA",,,,,,,,,,,
,Microsoft Defender AV must scan packed executables.,SI-3,V-278679,Ongoing,,,,,,,,,,Microsoft Defender Antivirus Security Technical Implementation Guide,,,,,medium,"SOT-WIN2K22-01, SOT-WIN2K22-02, SOT-WIN2K22-SQL, SOT-WIN2K22-WEB, WKS1-SOTERIA, WKS2-SOTERIA, WKS3-SOTERIA, WKS4-SOTERIA, WKS5-SOTERIA, WKS6-SOTERIA, WKS7-SOTERIA",,,,,,,,,,,
,Microsoft Defender AV must enable heuristics.,SI-3,V-278680,Ongoing,,,,,,,,,,Microsoft Defender Antivirus Security Technical Implementation Guide,,,,,medium,"SOT-WIN2K22-01, SOT-WIN2K22-02, SOT-WIN2K22-SQL, SOT-WIN2K22-WEB, WKS1-SOTERIA, WKS2-SOTERIA, WKS3-SOTERIA, WKS4-SOTERIA, WKS5-SOTERIA, WKS6-SOTERIA, WKS7-SOTERIA",,,,,,,,,,,
,Microsoft Defender AV must set cloud protection level to High.,SC-18(4),V-278863,Ongoing,,,,,,,,,,Microsoft Defender Antivirus Security Technical Implementation Guide,,,,,medium,"SOT-WIN2K22-01, SOT-WIN2K22-02, SOT-WIN2K22-SQL, SOT-WIN2K22-WEB, WKS1-SOTERIA, WKS2-SOTERIA, WKS3-SOTERIA, WKS4-SOTERIA, WKS5-SOTERIA, WKS6-SOTERIA, WKS7-SOTERIA",,,,,,,,,,,
,Developer certificates used with the .NET Publisher Membership Condition must be approved by the ISSO.,IA-5(2),V-225225,Ongoing,,,,,,,,,,Microsoft DotNet Framework 4.0 Security Technical Implementation Guide,,,,,medium,"SOT-WIN2K22-01, SOT-WIN2K22-02, SOT-WIN2K22-SQL, SOT-WIN2K22-WEB, WKS1-SOTERIA, WKS2-SOTERIA, WKS3-SOTERIA, WKS4-SOTERIA, WKS5-SOTERIA, WKS6-SOTERIA, WKS7-SOTERIA",,,,,,,,,,,
,CAS and policy configuration files must be backed up.,AU-9,V-225227,Ongoing,,,,,,,,,,Microsoft DotNet Framework 4.0 Security Technical Implementation Guide,,,,,medium,"SOT-WIN2K22-01, SOT-WIN2K22-02, SOT-WIN2K22-SQL, SOT-WIN2K22-WEB, WKS1-SOTERIA, WKS2-SOTERIA, WKS3-SOTERIA, WKS4-SOTERIA, WKS5-SOTERIA, WKS6-SOTERIA, WKS7-SOTERIA",,,,,,,,,,,
,.NET must be configured to validate strong names on full-trust assemblies.,IA-5(2),V-225231,Ongoing,,,,,,,,,,Microsoft DotNet Framework 4.0 Security Technical Implementation Guide,,,,,medium,"SOT-WIN2K22-01, SOT-WIN2K22-02, SOT-WIN2K22-SQL, SOT-WIN2K22-WEB, WKS1-SOTERIA, WKS2-SOTERIA, WKS3-SOTERIA, WKS4-SOTERIA, WKS5-SOTERIA, WKS6-SOTERIA, WKS7-SOTERIA",,,,,,,,,,,
,Software utilizing .Net 4.0 must be identified and relevant access controls configured.,SC-39,V-225236,Ongoing,,,,,,,,,,Microsoft DotNet Framework 4.0 Security Technical Implementation Guide,,,,,medium,"SOT-WIN2K22-01, SOT-WIN2K22-02, SOT-WIN2K22-SQL, SOT-WIN2K22-WEB, WKS1-SOTERIA, WKS2-SOTERIA, WKS3-SOTERIA, WKS4-SOTERIA, WKS5-SOTERIA, WKS6-SOTERIA, WKS7-SOTERIA",,,,,,,,,,,
,Update and configure the .NET Framework to support TLS.,CM-7(1),V-225238,Ongoing,,,,,,,,,,Microsoft DotNet Framework 4.0 Security Technical Implementation Guide,,,,,medium,"SOT-WIN2K22-01, SOT-WIN2K22-02, SOT-WIN2K22-SQL, SOT-WIN2K22-WEB, WKS1-SOTERIA, WKS2-SOTERIA, WKS3-SOTERIA, WKS4-SOTERIA, WKS5-SOTERIA, WKS6-SOTERIA, WKS7-SOTERIA",,,,,,,,,,,
,Visual Search must be disabled.,CM-7,V-260465,Ongoing,,,,,,,,,,Microsoft Edge Security Technical Implementation Guide,,,,,medium,"SOT-WIN2K22-01, SOT-WIN2K22-02, SOT-WIN2K22-SQL, SOT-WIN2K22-WEB, WKS1-SOTERIA, WKS2-SOTERIA, WKS3-SOTERIA, WKS4-SOTERIA, WKS5-SOTERIA, WKS6-SOTERIA, WKS7-SOTERIA",,,,,,,,,,,
,Copilot must be disabled.,CM-7,V-260466,Ongoing,,,,,,,,,,Microsoft Edge Security Technical Implementation Guide,,,,,medium,"SOT-WIN2K22-01, SOT-WIN2K22-02, SOT-WIN2K22-SQL, SOT-WIN2K22-WEB, WKS1-SOTERIA, WKS2-SOTERIA, WKS3-SOTERIA, WKS4-SOTERIA, WKS5-SOTERIA, WKS6-SOTERIA, WKS7-SOTERIA",,,,,,,,,,,
,Session only-based cookies must be enabled.,AU-10,V-260467,Ongoing,,,,,,,,,,Microsoft Edge Security Technical Implementation Guide,,,,,medium,"SOT-WIN2K22-01, SOT-WIN2K22-02, SOT-WIN2K22-SQL, SOT-WIN2K22-WEB, WKS1-SOTERIA, WKS2-SOTERIA, WKS3-SOTERIA, WKS4-SOTERIA, WKS5-SOTERIA, WKS6-SOTERIA, WKS7-SOTERIA",,,,,,,,,,,
,FriendlyURLs must be disabled.,CM-7,V-266981,Ongoing,,,,,,,,,,Microsoft Edge Security Technical Implementation Guide,,,,,medium,"SOT-WIN2K22-01, SOT-WIN2K22-02, SOT-WIN2K22-SQL, SOT-WIN2K22-WEB, WKS1-SOTERIA, WKS2-SOTERIA, WKS3-SOTERIA, WKS4-SOTERIA, WKS5-SOTERIA, WKS6-SOTERIA, WKS7-SOTERIA",,,,,,,,,,,
,Access to Microsoft 365 Copilot writing assistance must be disabled.,CM-7,V-279940,Ongoing,,,,,,,,,,Microsoft Edge Security Technical Implementation Guide,,,,,medium,"SOT-WIN2K22-01, SOT-WIN2K22-02, SOT-WIN2K22-SQL, SOT-WIN2K22-WEB, WKS1-SOTERIA, WKS2-SOTERIA, WKS3-SOTERIA, WKS4-SOTERIA, WKS5-SOTERIA, WKS6-SOTERIA, WKS7-SOTERIA",,,,,,,,,,,
,Spell checking provided by Microsoft Editor must be disabled.,CM-7,V-283439,Ongoing,,,,,,,,,,Microsoft Edge Security Technical Implementation Guide,,,,,medium,"SOT-WIN2K22-01, SOT-WIN2K22-02, SOT-WIN2K22-SQL, SOT-WIN2K22-WEB, WKS1-SOTERIA, WKS2-SOTERIA, WKS3-SOTERIA, WKS4-SOTERIA, WKS5-SOTERIA, WKS6-SOTERIA, WKS7-SOTERIA",,,,,,,,,,,
,Windows Server 2022 users with Administrative privileges must have separate accounts for administrative duties and normal operational tasks.,CM-6,V-254238,Ongoing,,,,,,,,,,Windows Server 2022 Security Technical Implementation Guide,,,,,medium,SOT-WIN2K22-01,,,,,,,,,,,
,Windows Server 2022 members of the Backup Operators group must have separate accounts for backup duties and normal operational tasks.,CM-6,V-254241,Ongoing,,,,,,,,,,Windows Server 2022 Security Technical Implementation Guide,,,,,medium,SOT-WIN2K22-01,,,,,,,,,,,
,Windows Server 2022 manually managed application account passwords must be changed at least annually or when a system administrator with knowledge of the password leaves the organization.,CM-6,V-254243,Ongoing,,,,,,,,,,Windows Server 2022 Security Technical Implementation Guide,,,,,medium,SOT-WIN2K22-01,,,,,,,,,,,
,Windows Server 2022 shared user accounts must not be permitted.,IA-2,V-254244,Ongoing,,,,,,,,,,Windows Server 2022 Security Technical Implementation Guide,,,,,medium,SOT-WIN2K22-01,,,,,,,,,,,
,"Windows Server 2022 must employ a deny-all, permit-by-exception policy to allow the execution of authorized software programs.",CM-7(5),V-254245,Ongoing,,,,,,,,,,Windows Server 2022 Security Technical Implementation Guide,,,,,medium,SOT-WIN2K22-01,,,,,,,,,,,
,Windows Server 2022 must use an antivirus program.,CM-6,V-254248,Ongoing,,,,,,,,,,Windows Server 2022 Security Technical Implementation Guide,,,,,medium,SOT-WIN2K22-01,,,,,,,,,,,
,Windows Server 2022 must have a host-based intrusion detection and prevention service installed.,CM-6,V-254249,Ongoing,,,,,,,,,,Windows Server 2022 Security Technical Implementation Guide,,,,,medium,SOT-WIN2K22-01,,,,,,,,,,,
,Windows Server 2022 outdated or unused accounts must be removed or disabled.,AC-2(3),V-254256,Ongoing,,,,,,,,,,Windows Server 2022 Security Technical Implementation Guide,,,,,medium,SOT-WIN2K22-01,,,,,,,,,,,
,Windows Server 2022 passwords must be configured to expire.,IA-5(1),V-254258,Ongoing,,,,,,,,,,Windows Server 2022 Security Technical Implementation Guide,,,,,medium,SOT-WIN2K22-01,,,,,,,,,,,
,Windows Server 2022 system files must be monitored for unauthorized changes.,CM-3(5),V-254259,Ongoing,,,,,,,,,,Windows Server 2022 Security Technical Implementation Guide,,,,,medium,SOT-WIN2K22-01,,,,,,,,,,,
,Windows Server 2022 nonsystem-created file shares must limit access to groups that require it.,SC-4,V-254260,Ongoing,,,,,,,,,,Windows Server 2022 Security Technical Implementation Guide,,,,,medium,SOT-WIN2K22-01,,,,,,,,,,,
,"Windows Server 2022 must implement protection methods such as TLS, encrypted VPNs, or IPsec if the data owner has a strict requirement for ensuring data integrity and confidentiality is maintained at every step of the data transfer and handling process.",SC-8(2),V-254263,Ongoing,,,,,,,,,,Windows Server 2022 Security Technical Implementation Guide,,,,,medium,SOT-WIN2K22-01,,,,,,,,,,,
,Windows Server 2022 must have the roles and features required by the system documented.,CM-7,V-254264,Ongoing,,,,,,,,,,Windows Server 2022 Security Technical Implementation Guide,,,,,medium,SOT-WIN2K22-01,,,,,,,,,,,
,Windows Server 2022 must have a host-based firewall installed and enabled.,CM-6,V-254265,Ongoing,,,,,,,,,,Windows Server 2022 Security Technical Implementation Guide,,,,,medium,SOT-WIN2K22-01,,,,,,,,,,,
,Windows Server 2022 must automatically remove or disable temporary user accounts after 72 hours.,AC-2(2),V-254267,Ongoing,,,,,,,,,,Windows Server 2022 Security Technical Implementation Guide,,,,,medium,SOT-WIN2K22-01,,,,,,,,,,,
,Windows Server 2022 must automatically remove or disable emergency accounts after the crisis is resolved or within 72 hours.,AC-2(2),V-254268,Ongoing,,,,,,,,,,Windows Server 2022 Security Technical Implementation Guide,,,,,medium,SOT-WIN2K22-01,,,,,,,,,,,
,Windows Server 2022 must not have the Telnet Client installed.,CM-7,V-254273,Ongoing,,,,,,,,,,Windows Server 2022 Security Technical Implementation Guide,,,,,medium,SOT-WIN2K22-01,,,,,,,,,,,
,Windows Server 2022 must not have the TFTP Client installed.,CM-7,V-254274,Ongoing,,,,,,,,,,Windows Server 2022 Security Technical Implementation Guide,,,,,medium,SOT-WIN2K22-01,,,,,,,,,,,
,Windows Server 2022 must have Secure Boot enabled.,CM-6,V-254284,Ongoing,,,,,,,,,,Windows Server 2022 Security Technical Implementation Guide,,,,,medium,SOT-WIN2K22-01,,,,,,,,,,,
,Windows Server 2022 audit records must be backed up to a different system or media than the system being audited.,AU-4(1),V-254294,Ongoing,,,,,,,,,,Windows Server 2022 Security Technical Implementation Guide,,,,,medium,SOT-WIN2K22-01,,,,,,,,,,,
,"Windows Server 2022 must, at a minimum, offload audit records of interconnected systems in real time and offload standalone or nondomain-joined systems weekly.",AU-4(1),V-254295,Ongoing,,,,,,,,,,Windows Server 2022 Security Technical Implementation Guide,,,,,medium,SOT-WIN2K22-01,,,,,,,,,,,
,Windows Server 2022 must have PowerShell Transcription enabled.,AU-3,V-254384,Ongoing,,,,,,,,,,Windows Server 2022 Security Technical Implementation Guide,,,,,medium,SOT-WIN2K22-01,,,,,,,,,,,
,Windows Server 2022 Deny access to this computer from the network user right on domain-joined member servers must be configured to prevent access from highly privileged domain accounts and local accounts and from unauthenticated access on all systems.,AC-3,V-254435,Ongoing,,,,,,,,,,Windows Server 2022 Security Technical Implementation Guide,,,,,medium,SOT-WIN2K22-01,,,,,,,,,,,
,Windows Server 2022 Deny log on locally user right on domain-joined member servers must be configured to prevent access from highly privileged domain accounts and from unauthenticated access on all systems.,AC-3,V-254438,Ongoing,,,,,,,,,,Windows Server 2022 Security Technical Implementation Guide,,,,,medium,SOT-WIN2K22-01,,,,,,,,,,,
,Windows Server 2022 must have the DoD Root Certificate Authority (CA) certificates installed in the Trusted Root Store.,IA-5(2),V-254442,Ongoing,,,,,,,,,,Windows Server 2022 Security Technical Implementation Guide,,,,,medium,SOT-WIN2K22-01,,,,,,,,,,,
,Windows Server 2022 must have the DoD Interoperability Root Certificate Authority (CA) cross-certificates installed in the Untrusted Certificates Store on unclassified systems.,IA-5(2),V-254443,Ongoing,,,,,,,,,,Windows Server 2022 Security Technical Implementation Guide,,,,,medium,SOT-WIN2K22-01,,,,,,,,,,,
,Windows Server 2022 must have the US DOD CCEB Interoperability Root CA cross-certificates in the Untrusted Certificates Store on unclassified systems.,IA-5(2),V-254444,Ongoing,,,,,,,,,,Windows Server 2022 Security Technical Implementation Guide,,,,,medium,SOT-WIN2K22-01,,,,,,,,,,,
,Windows Server 2022 setting Microsoft network server: Digitally sign communications (always) must be configured to Enabled.,SC-8,V-254463,Ongoing,,,,,,,,,,Windows Server 2022 Security Technical Implementation Guide,,,,,medium,SOT-WIN2K22-01,,,,,,,,,,,
,Windows Server 2022 setting Microsoft network server: Digitally sign communications (if client agrees) must be configured to Enabled.,SC-8,V-254464,Ongoing,,,,,,,,,,Windows Server 2022 Security Technical Implementation Guide,,,,,medium,SOT-WIN2K22-01,,,,,,,,,,,
,"Windows Server 2022 User Account Control (UAC) must, at a minimum, prompt administrators for consent on the secure desktop.",SC-3,V-254484,Ongoing,,,,,,,,,,Windows Server 2022 Security Technical Implementation Guide,,,,,medium,SOT-WIN2K22-01,,,,,,,,,,,
,Windows Server 2022 User Account Control (UAC) must automatically deny standard user requests for elevation.,IA-11,V-254485,Ongoing,,,,,,,,,,Windows Server 2022 Security Technical Implementation Guide,,,,,medium,SOT-WIN2K22-01,,,,,,,,,,,
,Windows Server 2022 must be configured to audit file system failures.,AU-12,V-278942,Ongoing,,,,,,,,,,Windows Server 2022 Security Technical Implementation Guide,,,,,medium,SOT-WIN2K22-01,,,,,,,,,,,
,Windows Server 2022 must be configured to audit file system successes.,AU-12,V-278943,Ongoing,,,,,,,,,,Windows Server 2022 Security Technical Implementation Guide,,,,,medium,SOT-WIN2K22-01,,,,,,,,,,,
,Windows Server 2022 must be configured to audit handle manipulation failures.,AU-12,V-278944,Ongoing,,,,,,,,,,Windows Server 2022 Security Technical Implementation Guide,,,,,medium,SOT-WIN2K22-01,,,,,,,,,,,
,Windows Server 2022 must be configured to audit handle manipulation successes.,AU-12,V-278945,Ongoing,,,,,,,,,,Windows Server 2022 Security Technical Implementation Guide,,,,,medium,SOT-WIN2K22-01,,,,,,,,,,,
,Windows Server 2022 must be configured to audit registry failures.,AU-12,V-278946,Ongoing,,,,,,,,,,Windows Server 2022 Security Technical Implementation Guide,,,,,medium,SOT-WIN2K22-01,,,,,,,,,,,
,Windows Server 2022 must be configured to audit registry successes.,AU-12,V-278947,Ongoing,,,,,,,,,,Windows Server 2022 Security Technical Implementation Guide,,,,,medium,SOT-WIN2K22-01,,,,,,,,,,,
,Windows Defender Firewall with Advanced Security must be enabled when connected to a private network.,AC-4,V-241990,Ongoing,,,,,,,,,,Windows Defender Firewall with Advanced Security Security Technical Implementation Guide,,,,,medium,"SOT-WIN2K22-01, SOT-WIN2K22-02, SOT-WIN2K22-SQL, SOT-WIN2K22-WEB, WKS1-SOTERIA, WKS2-SOTERIA, WKS3-SOTERIA, WKS4-SOTERIA, WKS5-SOTERIA, WKS6-SOTERIA, WKS7-SOTERIA",,,,,,,,,,,
,Windows Defender Firewall with Advanced Security must be enabled when connected to a public network.,AC-4,V-241991,Ongoing,,,,,,,,,,Windows Defender Firewall with Advanced Security Security Technical Implementation Guide,,,,,medium,"SOT-WIN2K22-01, SOT-WIN2K22-02, SOT-WIN2K22-SQL, SOT-WIN2K22-WEB, WKS1-SOTERIA, WKS2-SOTERIA, WKS3-SOTERIA, WKS4-SOTERIA, WKS5-SOTERIA, WKS6-SOTERIA, WKS7-SOTERIA",,,,,,,,,,,
,"Windows Defender Firewall with Advanced Security must allow outbound connections, unless a rule explicitly blocks the connection when connected to a private network.",SC-5(1),V-241998,Ongoing,,,,,,,,,,Windows Defender Firewall with Advanced Security Security Technical Implementation Guide,,,,,medium,"SOT-WIN2K22-01, SOT-WIN2K22-02, SOT-WIN2K22-SQL, SOT-WIN2K22-WEB, WKS1-SOTERIA, WKS2-SOTERIA, WKS3-SOTERIA, WKS4-SOTERIA, WKS5-SOTERIA, WKS6-SOTERIA, WKS7-SOTERIA",,,,,,,,,,,
,"Windows Defender Firewall with Advanced Security must allow outbound connections, unless a rule explicitly blocks the connection when connected to a public network.",SC-5(1),V-242003,Ongoing,,,,,,,,,,Windows Defender Firewall with Advanced Security Security Technical Implementation Guide,,,,,medium,"SOT-WIN2K22-01, SOT-WIN2K22-02, SOT-WIN2K22-SQL, SOT-WIN2K22-WEB, WKS1-SOTERIA, WKS2-SOTERIA, WKS3-SOTERIA, WKS4-SOTERIA, WKS5-SOTERIA, WKS6-SOTERIA, WKS7-SOTERIA",,,,,,,,,,,
,Windows Defender Firewall with Advanced Security local firewall rules must not be merged with Group Policy settings when connected to a public network.,SC-24,V-242004,Ongoing,,,,,,,,,,Windows Defender Firewall with Advanced Security Security Technical Implementation Guide,,,,,medium,"SOT-WIN2K22-01, SOT-WIN2K22-02, SOT-WIN2K22-SQL, SOT-WIN2K22-WEB, WKS1-SOTERIA, WKS2-SOTERIA, WKS3-SOTERIA, WKS4-SOTERIA, WKS5-SOTERIA, WKS6-SOTERIA, WKS7-SOTERIA",,,,,,,,,,,
,Windows Defender Firewall with Advanced Security local connection rules must not be merged with Group Policy settings when connected to a public network.,SC-24,V-242005,Ongoing,,,,,,,,,,Windows Defender Firewall with Advanced Security Security Technical Implementation Guide,,,,,medium,"SOT-WIN2K22-01, SOT-WIN2K22-02, SOT-WIN2K22-SQL, SOT-WIN2K22-WEB, WKS1-SOTERIA, WKS2-SOTERIA, WKS3-SOTERIA, WKS4-SOTERIA, WKS5-SOTERIA, WKS6-SOTERIA, WKS7-SOTERIA",,,,,,,,,,,
,Inbound exceptions to the firewall on domain workstations must only allow authorized remote management hosts.,AC-17(1),V-242009,Ongoing,,,,,,,,,,Windows Defender Firewall with Advanced Security Security Technical Implementation Guide,,,,,medium,"SOT-WIN2K22-01, SOT-WIN2K22-02, SOT-WIN2K22-SQL, SOT-WIN2K22-WEB, WKS1-SOTERIA, WKS2-SOTERIA, WKS3-SOTERIA, WKS4-SOTERIA, WKS5-SOTERIA, WKS6-SOTERIA, WKS7-SOTERIA",,,,,,,,,,,
,The Trust Providers Software Publishing State must be set to 0x23C00.,IA-5(2),V-225224,Ongoing,,,,,,,,,,Microsoft DotNet Framework 4.0 Security Technical Implementation Guide,,,,,medium,"SOT-WIN2K22-02, SOT-WIN2K22-SQL, SOT-WIN2K22-WEB, WKS1-SOTERIA, WKS2-SOTERIA, WKS3-SOTERIA, WKS4-SOTERIA, WKS5-SOTERIA, WKS6-SOTERIA, WKS7-SOTERIA",,,,,,,,,,,
,Encryption keys used for the .NET Strong Name Membership Condition must be protected.,IA-5(2),V-225226,Ongoing,,,,,,,,,,Microsoft DotNet Framework 4.0 Security Technical Implementation Guide,,,,,medium,"SOT-WIN2K22-02, SOT-WIN2K22-SQL, SOT-WIN2K22-WEB, WKS1-SOTERIA, WKS2-SOTERIA, WKS3-SOTERIA, WKS4-SOTERIA, WKS5-SOTERIA, WKS6-SOTERIA, WKS7-SOTERIA",,,,,,,,,,,
,Remoting Services HTTP channels must utilize authentication and encryption.,SC-23,V-225228,Ongoing,,,,,,,,,,Microsoft DotNet Framework 4.0 Security Technical Implementation Guide,,,,,medium,"SOT-WIN2K22-02, SOT-WIN2K22-SQL, SOT-WIN2K22-WEB, WKS1-SOTERIA, WKS2-SOTERIA, WKS3-SOTERIA, WKS4-SOTERIA, WKS5-SOTERIA, WKS6-SOTERIA, WKS7-SOTERIA",,,,,,,,,,,
,.Net Framework versions installed on the system must be supported.,CM-6,V-225229,Ongoing,,,,,,,,,,Microsoft DotNet Framework 4.0 Security Technical Implementation Guide,,,,,medium,"SOT-WIN2K22-02, SOT-WIN2K22-SQL, SOT-WIN2K22-WEB, WKS1-SOTERIA, WKS2-SOTERIA, WKS3-SOTERIA, WKS4-SOTERIA, WKS5-SOTERIA, WKS6-SOTERIA, WKS7-SOTERIA",,,,,,,,,,,
,Trust must be established prior to enabling the loading of remote code in .Net 4.,SC-39,V-225233,Ongoing,,,,,,,,,,Microsoft DotNet Framework 4.0 Security Technical Implementation Guide,,,,,medium,"SOT-WIN2K22-02, SOT-WIN2K22-SQL, SOT-WIN2K22-WEB, WKS1-SOTERIA, WKS2-SOTERIA, WKS3-SOTERIA, WKS4-SOTERIA, WKS5-SOTERIA, WKS6-SOTERIA, WKS7-SOTERIA",,,,,,,,,,,
,Remoting Services TCP channels must utilize authentication and encryption.,SC-23,V-225237,Ongoing,,,,,,,,,,Microsoft DotNet Framework 4.0 Security Technical Implementation Guide,,,,,medium,"SOT-WIN2K22-02, SOT-WIN2K22-SQL, SOT-WIN2K22-WEB, WKS1-SOTERIA, WKS2-SOTERIA, WKS3-SOTERIA, WKS4-SOTERIA, WKS5-SOTERIA, WKS6-SOTERIA, WKS7-SOTERIA",,,,,,,,,,,
,The default search provider must be set to use an encrypted connection.,CM-7,V-235726,Ongoing,,,,,,,,,,Microsoft Edge Security Technical Implementation Guide,,,,,medium,"SOT-WIN2K22-02, SOT-WIN2K22-SQL, SOT-WIN2K22-WEB, WKS1-SOTERIA, WKS2-SOTERIA, WKS3-SOTERIA, WKS4-SOTERIA, WKS5-SOTERIA, WKS6-SOTERIA, WKS7-SOTERIA",,,,,,,,,,,
,Windows Defender Firewall with Advanced Security must be enabled when connected to a domain.,AC-4,V-241989,Ongoing,,,,,,,,,,Windows Defender Firewall with Advanced Security Security Technical Implementation Guide,,,,,medium,"SOT-WIN2K22-02, SOT-WIN2K22-SQL, SOT-WIN2K22-WEB, WKS1-SOTERIA, WKS2-SOTERIA, WKS3-SOTERIA, WKS4-SOTERIA, WKS5-SOTERIA, WKS6-SOTERIA, WKS7-SOTERIA",,,,,,,,,,,
,"Windows Defender Firewall with Advanced Security must allow outbound connections, unless a rule explicitly blocks the connection when connected to a domain.",SC-5(1),V-241993,Ongoing,,,,,,,,,,Windows Defender Firewall with Advanced Security Security Technical Implementation Guide,,,,,medium,"SOT-WIN2K22-02, SOT-WIN2K22-SQL, SOT-WIN2K22-WEB, WKS1-SOTERIA, WKS2-SOTERIA, WKS3-SOTERIA, WKS4-SOTERIA, WKS5-SOTERIA, WKS6-SOTERIA, WKS7-SOTERIA",,,,,,,,,,,
,SQL Server must limit the number of concurrent sessions to an organization-defined number per user for all accounts and/or account types.,AC-10,V-271263,Ongoing,,,,,,,,,,Microsoft SQL Server 2022 Instance Security Technical Implementation Guide,,,,,medium,SOT-WIN2K22-SQL-SQLEXPRESS,,,,,,,,,,,
,SQL Server must protect against a user falsely repudiating by ensuring the NT AUTHORITY SYSTEM account is not used for administration.,AU-10,V-271268,Ongoing,,,,,,,,,,Microsoft SQL Server 2022 Instance Security Technical Implementation Guide,,,,,medium,SOT-WIN2K22-SQL-SQLEXPRESS,,,,,,,,,,,
,"SQL Server must protect against a user falsely repudiating by ensuring all accounts are individual, unique, and not shared.",AU-10,V-271269,Ongoing,,,,,,,,,,Microsoft SQL Server 2022 Instance Security Technical Implementation Guide,,,,,medium,SOT-WIN2K22-SQL-SQLEXPRESS,,,,,,,,,,,
,SQL Server must be configured to generate audit records for DOD-defined auditable events within all DBMS/database components.,AU-12,V-271270,Ongoing,,,,,,,,,,Microsoft SQL Server 2022 Instance Security Technical Implementation Guide,,,,,medium,SOT-WIN2K22-SQL-SQLEXPRESS,,,,,,,,,,,
,SQL Server must allow only the information system security manager (ISSM) (or individuals or roles appointed by the ISSM) to select which auditable events are to be audited.,AU-12,V-271271,Ongoing,,,,,,,,,,Microsoft SQL Server 2022 Instance Security Technical Implementation Guide,,,,,medium,SOT-WIN2K22-SQL-SQLEXPRESS,,,,,,,,,,,
,"SQL Server must generate audit records when attempts to access privileges, categorized information, and security objects occur.",AU-12,V-271272,Ongoing,,,,,,,,,,Microsoft SQL Server 2022 Instance Security Technical Implementation Guide,,,,,medium,SOT-WIN2K22-SQL-SQLEXPRESS,,,,,,,,,,,
,SQL Server must initiate session auditing upon startup.,AU-14(1),V-271273,Ongoing,,,,,,,,,,Microsoft SQL Server 2022 Instance Security Technical Implementation Guide,,,,,medium,SOT-WIN2K22-SQL-SQLEXPRESS,,,,,,,,,,,
,"SQL Server must include additional, more detailed, organization-defined information in the audit records for audit events identified by type, location, or subject.",AU-3(1),V-271280,Ongoing,,,,,,,,,,Microsoft SQL Server 2022 Instance Security Technical Implementation Guide,,,,,medium,SOT-WIN2K22-SQL-SQLEXPRESS,,,,,,,,,,,
,"The audit information produced by SQL Server must be protected from unauthorized access, modification, and deletion.",AU-9,V-271282,Ongoing,,,,,,,,,,Microsoft SQL Server 2022 Instance Security Technical Implementation Guide,,,,,medium,SOT-WIN2K22-SQL-SQLEXPRESS,,,,,,,,,,,
,"SQL Server must limit privileges to change software modules, to include stored procedures, functions and triggers, and links to software external to SQL Server.",CM-5(6),V-271284,Ongoing,,,,,,,,,,Microsoft SQL Server 2022 Instance Security Technical Implementation Guide,,,,,medium,SOT-WIN2K22-SQL-SQLEXPRESS,,,,,,,,,,,
,SQL Server must limit privileges to change software modules and links to software external to SQL Server.,CM-5(6),V-271285,Ongoing,,,,,,,,,,Microsoft SQL Server 2022 Instance Security Technical Implementation Guide,,,,,medium,SOT-WIN2K22-SQL-SQLEXPRESS,,,,,,,,,,,
,"Database software, including DBMS configuration files, must be stored in dedicated directories, separate from the host OS and other applications.",CM-5(6),V-271287,Ongoing,,,,,,,,,,Microsoft SQL Server 2022 Instance Security Technical Implementation Guide,,,,,medium,SOT-WIN2K22-SQL-SQLEXPRESS,,,,,,,,,,,
,"Unused database components, DBMS software, and database objects must be removed.",CM-7,V-271291,Ongoing,,,,,,,,,,Microsoft SQL Server 2022 Instance Security Technical Implementation Guide,,,,,medium,SOT-WIN2K22-SQL-SQLEXPRESS,,,,,,,,,,,
,"The ""Remote Access"" feature must be disabled unless specifically required and approved.",CM-7,V-271298,Ongoing,,,,,,,,,,Microsoft SQL Server 2022 Instance Security Technical Implementation Guide,,,,,medium,SOT-WIN2K22-SQL-SQLEXPRESS,,,,,,,,,,,
,"SQL Server must be configured to prohibit or restrict the use of organization-defined ports, as defined in the Ports, Protocols, and Services Management (PPSM) Category Assurance List (CAL) and vulnerability assessments.",CM-7,V-271303,Ongoing,,,,,,,,,,Microsoft SQL Server 2022 Instance Security Technical Implementation Guide,,,,,medium,SOT-WIN2K22-SQL-SQLEXPRESS,,,,,,,,,,,
,"SQL Server must be configured to prohibit or restrict the use of organization-defined protocols as defined in the Ports, Protocols, and Services Management (PPSM) Category Assurance List (CAL) and vulnerability assessments.",CM-7,V-271304,Ongoing,,,,,,,,,,Microsoft SQL Server 2022 Instance Security Technical Implementation Guide,,,,,medium,SOT-WIN2K22-SQL-SQLEXPRESS,,,,,,,,,,,
,SQL Server must uniquely identify and authenticate users (or processes acting on behalf of organizational users).,IA-2,V-271305,Ongoing,,,,,,,,,,Microsoft SQL Server 2022 Instance Security Technical Implementation Guide,,,,,medium,SOT-WIN2K22-SQL-SQLEXPRESS,,,,,,,,,,,
,SQL Server must prevent unauthorized and unintended information transfer via Instant File Initialization (IFI).,SC-4,V-271327,Ongoing,,,,,,,,,,Microsoft SQL Server 2022 Instance Security Technical Implementation Guide,,,,,medium,SOT-WIN2K22-SQL-SQLEXPRESS,,,,,,,,,,,
,SQL Server must prevent unauthorized and unintended information transfer via shared system resources.,SC-4,V-271328,Ongoing,,,,,,,,,,Microsoft SQL Server 2022 Instance Security Technical Implementation Guide,,,,,medium,SOT-WIN2K22-SQL-SQLEXPRESS,,,,,,,,,,,
,"Access to database files must be limited to relevant processes and to authorized, administrative users.",SC-4,V-271329,Ongoing,,,,,,,,,,Microsoft SQL Server 2022 Instance Security Technical Implementation Guide,,,,,medium,SOT-WIN2K22-SQL-SQLEXPRESS,,,,,,,,,,,
,SQL Server and associated applications must reserve the use of dynamic code execution for situations that require it.,SI-10,V-271331,Ongoing,,,,,,,,,,Microsoft SQL Server 2022 Instance Security Technical Implementation Guide,,,,,medium,SOT-WIN2K22-SQL-SQLEXPRESS,,,,,,,,,,,
,"SQL Server and associated applications, when making use of dynamic code execution, must scan input data for invalid values that may indicate a code injection attack.",SI-10,V-271332,Ongoing,,,,,,,,,,Microsoft SQL Server 2022 Instance Security Technical Implementation Guide,,,,,medium,SOT-WIN2K22-SQL-SQLEXPRESS,,,,,,,,,,,
,SQL Server must reveal detailed error messages only to documented and approved individuals or roles.,SI-11,V-271334,Ongoing,,,,,,,,,,Microsoft SQL Server 2022 Instance Security Technical Implementation Guide,,,,,medium,SOT-WIN2K22-SQL-SQLEXPRESS,,,,,,,,,,,
,"SQL Server must prevent nonprivileged users from executing privileged functions, to include disabling, circumventing, or altering implemented security safeguards/countermeasures.",AC-6(10),V-271341,Ongoing,,,,,,,,,,Microsoft SQL Server 2022 Instance Security Technical Implementation Guide,,,,,medium,SOT-WIN2K22-SQL-SQLEXPRESS,,,,,,,,,,,
,Use of credentials and proxies must be restricted to necessary cases only.,AC-6(8),V-271342,Ongoing,,,,,,,,,,Microsoft SQL Server 2022 Instance Security Technical Implementation Guide,,,,,medium,SOT-WIN2K22-SQL-SQLEXPRESS,,,,,,,,,,,
,SQL Server must allocate audit record storage capacity in accordance with organization-defined audit record storage requirements.,AU-4,V-271343,Ongoing,,,,,,,,,,Microsoft SQL Server 2022 Instance Security Technical Implementation Guide,,,,,medium,SOT-WIN2K22-SQL-SQLEXPRESS,,,,,,,,,,,
,SQL Server must provide a warning to appropriate support staff when allocated audit record storage volume reaches 75 percent of maximum audit record storage capacity.,AU-5(1),V-271344,Ongoing,,,,,,,,,,Microsoft SQL Server 2022 Instance Security Technical Implementation Guide,,,,,medium,SOT-WIN2K22-SQL-SQLEXPRESS,,,,,,,,,,,
,SQL Server must provide an immediate real-time alert to appropriate support staff of all audit log failures.,AU-5(2),V-271345,Ongoing,,,,,,,,,,Microsoft SQL Server 2022 Instance Security Technical Implementation Guide,,,,,medium,SOT-WIN2K22-SQL-SQLEXPRESS,,,,,,,,,,,
,"SQL Server must record time stamps in audit records and application data that can be mapped to Coordinated Universal Time (UTC), formerly Greenwich Mean Time (GMT).",AU-8,V-271346,Ongoing,,,,,,,,,,Microsoft SQL Server 2022 Instance Security Technical Implementation Guide,,,,,medium,SOT-WIN2K22-SQL-SQLEXPRESS,,,,,,,,,,,
,Windows must enforce access restrictions associated with changes to the configuration of the SQL Server instance.,CM-5(1),V-271349,Ongoing,,,,,,,,,,Microsoft SQL Server 2022 Instance Security Technical Implementation Guide,,,,,medium,SOT-WIN2K22-SQL-SQLEXPRESS,,,,,,,,,,,
,SQL Server must enforce access restrictions associated with changes to the configuration of the instance.,CM-5(1),V-271350,Ongoing,,,,,,,,,,Microsoft SQL Server 2022 Instance Security Technical Implementation Guide,,,,,medium,SOT-WIN2K22-SQL-SQLEXPRESS,,,,,,,,,,,
,SQL Server must produce audit records when attempts to modify SQL Server configuration and privileges occur within the database(s).,CM-5(1),V-271351,Ongoing,,,,,,,,,,Microsoft SQL Server 2022 Instance Security Technical Implementation Guide,,,,,medium,SOT-WIN2K22-SQL-SQLEXPRESS,,,,,,,,,,,
,SQL Server services must be configured to run under unique dedicated user accounts.,SC-39,V-271358,Ongoing,,,,,,,,,,Microsoft SQL Server 2022 Instance Security Technical Implementation Guide,,,,,medium,SOT-WIN2K22-SQL-SQLEXPRESS,,,,,,,,,,,
,"When invalid inputs are received, the SQL Server must behave in a predictable and documented manner that reflects organizational and system objectives.",SI-10(3),V-271362,Ongoing,,,,,,,,,,Microsoft SQL Server 2022 Instance Security Technical Implementation Guide,,,,,medium,SOT-WIN2K22-SQL-SQLEXPRESS,,,,,,,,,,,
,"Security-relevant software updates to SQL Server must be installed within the time period directed by an authoritative source (e.g., IAVM, CTOs, DTMs, and STIGs).",SI-2,V-271364,Ongoing,,,,,,,,,,Microsoft SQL Server 2022 Instance Security Technical Implementation Guide,,,,,medium,SOT-WIN2K22-SQL-SQLEXPRESS,,,,,,,,,,,
,SQL Server must generate audit records when successful and unsuccessful attempts to modify or delete security objects occur.,AU-12,V-271370,Ongoing,,,,,,,,,,Microsoft SQL Server 2022 Instance Security Technical Implementation Guide,,,,,medium,SOT-WIN2K22-SQL-SQLEXPRESS,,,,,,,,,,,
,SQL Server must generate audit records when successful and unsuccessful logons or connection attempts occur.,AU-12,V-271375,Ongoing,,,,,,,,,,Microsoft SQL Server 2022 Instance Security Technical Implementation Guide,,,,,medium,SOT-WIN2K22-SQL-SQLEXPRESS,,,,,,,,,,,
,SQL Server must generate audit records for all direct access to the database(s).,AU-12,V-271381,Ongoing,,,,,,,,,,Microsoft SQL Server 2022 Instance Security Technical Implementation Guide,,,,,medium,SOT-WIN2K22-SQL-SQLEXPRESS,,,,,,,,,,,
,The system SQL Server must off-load audit data to a separate log management facility; this must be continuous and in near real time for systems with a network connection to the storage facility and weekly or more often for stand-alone systems.,AU-4(1),V-271385,Ongoing,,,,,,,,,,Microsoft SQL Server 2022 Instance Security Technical Implementation Guide,,,,,medium,SOT-WIN2K22-SQL-SQLEXPRESS,,,,,,,,,,,
,SQL Server must configure SQL Server Usage and Error Reporting Auditing.,CM-6,V-271388,Ongoing,,,,,,,,,,Microsoft SQL Server 2022 Instance Security Technical Implementation Guide,,,,,medium,SOT-WIN2K22-SQL-SQLEXPRESS,,,,,,,,,,,
,SQL Server must configure Customer Feedback and Error Reporting.,CM-6,V-271389,Ongoing,,,,,,,,,,Microsoft SQL Server 2022 Instance Security Technical Implementation Guide,,,,,medium,SOT-WIN2K22-SQL-SQLEXPRESS,,,,,,,,,,,
,"SQL Server must, for password-based authentication, require immediate selection of a new password upon account recovery.",IA-5(1),V-271400,Ongoing,,,,,,,,,,Microsoft SQL Server 2022 Instance Security Technical Implementation Guide,,,,,medium,SOT-WIN2K22-SQL-SQLEXPRESS,,,,,,,,,,,
,The SQL Server default account [sa] must be disabled.,AC-3,V-274444,Ongoing,,,,,,,,,,Microsoft SQL Server 2022 Instance Security Technical Implementation Guide,,,,,medium,SOT-WIN2K22-SQL-SQLEXPRESS,,,,,,,,,,,
,The SQL Server default account [sa] must have its name changed.,CM-7,V-274445,Ongoing,,,,,,,,,,Microsoft SQL Server 2022 Instance Security Technical Implementation Guide,,,,,medium,SOT-WIN2K22-SQL-SQLEXPRESS,,,,,,,,,,,
,Both the log file and Event Tracing for Windows (ETW) for the IIS 10.0 web server must be enabled.,AU-5,V-218786,Ongoing,,,,,,,,,,Microsoft IIS 10.0 Server Security Technical Implementation Guide,,,,,medium,SOT-WIN2K22-WEB,,,,,,,,,,,
,The IIS 10.0 web server must produce log records that contain sufficient information to establish the outcome (success or failure) of IIS 10.0 web server events.,AU-3,V-218788,Ongoing,,,,,,,,,,Microsoft IIS 10.0 Server Security Technical Implementation Guide,,,,,medium,SOT-WIN2K22-WEB,,,,,,,,,,,
,The IIS 10.0 web server must produce log records containing sufficient information to establish the identity of any user/subject or process associated with an event.,AU-3,V-218789,Ongoing,,,,,,,,,,Microsoft IIS 10.0 Server Security Technical Implementation Guide,,,,,medium,SOT-WIN2K22-WEB,,,,,,,,,,,
,The log data and records from the IIS 10.0 web server must be backed up onto a different system or media.,AU-9(2),V-218791,Ongoing,,,,,,,,,,Microsoft IIS 10.0 Server Security Technical Implementation Guide,,,,,medium,SOT-WIN2K22-WEB,,,,,,,,,,,
,The IIS 10.0 web server must not perform user management for hosted applications.,CM-7,V-218792,Ongoing,,,,,,,,,,Microsoft IIS 10.0 Server Security Technical Implementation Guide,,,,,medium,SOT-WIN2K22-WEB,,,,,,,,,,,
,The IIS 10.0 web server must only contain functions necessary for operation.,CM-7,V-218793,Ongoing,,,,,,,,,,Microsoft IIS 10.0 Server Security Technical Implementation Guide,,,,,medium,SOT-WIN2K22-WEB,,,,,,,,,,,
,"The accounts created by uninstalled features (i.e., tools, utilities, specific, etc.) must be deleted from the IIS 10.0 server.",CM-7,V-218796,Ongoing,,,,,,,,,,Microsoft IIS 10.0 Server Security Technical Implementation Guide,,,,,medium,SOT-WIN2K22-WEB,,,,,,,,,,,
,"The IIS 10.0 web server must be reviewed on a regular basis to remove any Operating System features, utility programs, plug-ins, and modules not necessary for operation.",CM-7,V-218797,Ongoing,,,,,,,,,,Microsoft IIS 10.0 Server Security Technical Implementation Guide,,,,,medium,SOT-WIN2K22-WEB,,,,,,,,,,,
,The IIS 10.0 web server must have Multipurpose Internet Mail Extensions (MIME) that invoke OS shell programs disabled.,CM-7,V-218798,Ongoing,,,,,,,,,,Microsoft IIS 10.0 Server Security Technical Implementation Guide,,,,,medium,SOT-WIN2K22-WEB,,,,,,,,,,,
,The IIS 10.0 web server must separate the hosted applications from hosted web server management functionality.,SC-2,V-218803,Ongoing,,,,,,,,,,Microsoft IIS 10.0 Server Security Technical Implementation Guide,,,,,medium,SOT-WIN2K22-WEB,,,,,,,,,,,
,The IIS 10.0 web server must augment re-creation to a stable and known baseline.,SC-24,V-218806,Ongoing,,,,,,,,,,Microsoft IIS 10.0 Server Security Technical Implementation Guide,,,,,medium,SOT-WIN2K22-WEB,,,,,,,,,,,
,The IIS 10.0 web server must provide the capability to immediately disconnect or disable remote access to the hosted applications.,AC-17(9),V-218813,Ongoing,,,,,,,,,,Microsoft IIS 10.0 Server Security Technical Implementation Guide,,,,,medium,SOT-WIN2K22-WEB,,,,,,,,,,,
,Access to web administration tools must be restricted to the web manager and the web managers designees.,AC-3,V-218816,Ongoing,,,,,,,,,,Microsoft IIS 10.0 Server Security Technical Implementation Guide,,,,,medium,SOT-WIN2K22-WEB,,,,,,,,,,,
,The IIS 10.0 web server must not be running on a system providing any other role.,CM-7(1),V-218817,Ongoing,,,,,,,,,,Microsoft IIS 10.0 Server Security Technical Implementation Guide,,,,,medium,SOT-WIN2K22-WEB,,,,,,,,,,,
,The IIS 10.0 web server must be tuned to handle the operational requirements of the hosted application.,SC-5,V-218819,Ongoing,,,,,,,,,,Microsoft IIS 10.0 Server Security Technical Implementation Guide,,,,,medium,SOT-WIN2K22-WEB,,,,,,,,,,,
,The IIS 10.0 web server must maintain the confidentiality of controlled information during transmission through the use of an approved Transport Layer Security (TLS) version.,SC-8,V-218822,Ongoing,,,,,,,,,,Microsoft IIS 10.0 Server Security Technical Implementation Guide,,,,,medium,SOT-WIN2K22-WEB,,,,,,,,,,,
,An IIS Server configured to be a SMTP relay must require authentication.,CM-7,V-228572,Ongoing,,,,,,,,,,Microsoft IIS 10.0 Server Security Technical Implementation Guide,,,,,medium,SOT-WIN2K22-WEB,,,,,,,,,,,
,The Request Smuggling filter must be enabled.,CM-7,V-268325,Ongoing,,,,,,,,,,Microsoft IIS 10.0 Server Security Technical Implementation Guide,,,,,medium,SOT-WIN2K22-WEB,,,,,,,,,,,
,A private IIS 10.0 website must only accept Secure Socket Layer (SSL) connections.,AC-17(2),V-218737,Ongoing,,,,,,,,,,Microsoft IIS 10.0 Site Security Technical Implementation Guide,,,,,medium,SOT-WIN2K22-WEB,,,,,,,,,,,
,A public IIS 10.0 website must only accept Secure Socket Layer (SSL) connections when authentication is required.,AC-17(2),V-218738,Ongoing,,,,,,,,,,Microsoft IIS 10.0 Site Security Technical Implementation Guide,,,,,medium,SOT-WIN2K22-WEB,,,,,,,,,,,
,Both the log file and Event Tracing for Windows (ETW) for each IIS 10.0 website must be enabled.,AU-5,V-218739,Ongoing,,,,,,,,,,Microsoft IIS 10.0 Site Security Technical Implementation Guide,,,,,medium,SOT-WIN2K22-WEB,,,,,,,,,,,
,"An IIS 10.0 website behind a load balancer or proxy server must produce log records containing the source client IP, and destination information.",AU-3,V-218740,Ongoing,,,,,,,,,,Microsoft IIS 10.0 Site Security Technical Implementation Guide,,,,,medium,SOT-WIN2K22-WEB,,,,,,,,,,,
,The IIS 10.0 website must produce log records that contain sufficient information to establish the outcome (success or failure) of IIS 10.0 website events.,AU-3,V-218741,Ongoing,,,,,,,,,,Microsoft IIS 10.0 Site Security Technical Implementation Guide,,,,,medium,SOT-WIN2K22-WEB,,,,,,,,,,,
,The IIS 10.0 website must produce log records containing sufficient information to establish the identity of any user/subject or process associated with an event.,AU-3,V-218742,Ongoing,,,,,,,,,,Microsoft IIS 10.0 Site Security Technical Implementation Guide,,,,,medium,SOT-WIN2K22-WEB,,,,,,,,,,,
,The IIS 10.0 website must have Multipurpose Internet Mail Extensions (MIME) that invoke OS shell programs disabled.,CM-7,V-218743,Ongoing,,,,,,,,,,Microsoft IIS 10.0 Site Security Technical Implementation Guide,,,,,medium,SOT-WIN2K22-WEB,,,,,,,,,,,
,Mappings to unused and vulnerable scripts on the IIS 10.0 website must be removed.,CM-7,V-218744,Ongoing,,,,,,,,,,Microsoft IIS 10.0 Site Security Technical Implementation Guide,,,,,medium,SOT-WIN2K22-WEB,,,,,,,,,,,
,The IIS 10.0 website must have resource mappings set to disable the serving of certain file types.,CM-7,V-218745,Ongoing,,,,,,,,,,Microsoft IIS 10.0 Site Security Technical Implementation Guide,,,,,medium,SOT-WIN2K22-WEB,,,,,,,,,,,
,Each IIS 10.0 website must be assigned a default host header.,CM-7,V-218748,Ongoing,,,,,,,,,,Microsoft IIS 10.0 Site Security Technical Implementation Guide,,,,,medium,SOT-WIN2K22-WEB,,,,,,,,,,,
,A private IIS 10.0 website authentication mechanism must use client certificates to transmit session identifier to assure integrity.,IA-5(1),V-218749,Ongoing,,,,,,,,,,Microsoft IIS 10.0 Site Security Technical Implementation Guide,,,,,medium,SOT-WIN2K22-WEB,,,,,,,,,,,
,The IIS 10.0 website document directory must be in a separate partition from the IIS 10.0 websites system files.,SC-3,V-218752,Ongoing,,,,,,,,,,Microsoft IIS 10.0 Site Security Technical Implementation Guide,,,,,medium,SOT-WIN2K22-WEB,,,,,,,,,,,
,Non-ASCII characters in URLs must be prohibited by any IIS 10.0 website.,SC-5(1),V-218756,Ongoing,,,,,,,,,,Microsoft IIS 10.0 Site Security Technical Implementation Guide,,,,,medium,SOT-WIN2K22-WEB,,,,,,,,,,,
,Unlisted file extensions in URL requests must be filtered by any IIS 10.0 website.,SC-5(1),V-218758,Ongoing,,,,,,,,,,Microsoft IIS 10.0 Site Security Technical Implementation Guide,,,,,medium,SOT-WIN2K22-WEB,,,,,,,,,,,
,The IIS 10.0 websites connectionTimeout setting must be explicitly configured to disconnect an idle session.,AC-12,V-218763,Ongoing,,,,,,,,,,Microsoft IIS 10.0 Site Security Technical Implementation Guide,,,,,medium,SOT-WIN2K22-WEB,,,,,,,,,,,
,The IIS 10.0 website must provide the capability to immediately disconnect or disable remote access to the hosted applications.,AC-17(9),V-218764,Ongoing,,,,,,,,,,Microsoft IIS 10.0 Site Security Technical Implementation Guide,,,,,medium,SOT-WIN2K22-WEB,,,,,,,,,,,
,The IIS 10.0 website must use a logging mechanism configured to allocate log record storage capacity large enough to accommodate the logging requirements of the IIS 10.0 website.,AU-4,V-218765,Ongoing,,,,,,,,,,Microsoft IIS 10.0 Site Security Technical Implementation Guide,,,,,medium,SOT-WIN2K22-WEB,,,,,,,,,,,
,"The IIS 10.0 websites must use ports, protocols, and services according to Ports, Protocols, and Services Management (PPSM) guidelines.",CM-7(1),V-218766,Ongoing,,,,,,,,,,Microsoft IIS 10.0 Site Security Technical Implementation Guide,,,,,medium,SOT-WIN2K22-WEB,,,,,,,,,,,
,The IIS 10.0 website must only accept client certificates issued by DOD PKI or DOD-approved PKI Certification Authorities (CAs).,SC-23(5),V-218767,Ongoing,,,,,,,,,,Microsoft IIS 10.0 Site Security Technical Implementation Guide,,,,,medium,SOT-WIN2K22-WEB,,,,,,,,,,,
,Cookies exchanged between the IIS 10.0 website and the client must have cookie properties set to prohibit client-side scripts from reading the cookie data.,SC-8,V-218770,Ongoing,,,,,,,,,,Microsoft IIS 10.0 Site Security Technical Implementation Guide,,,,,medium,SOT-WIN2K22-WEB,,,,,,,,,,,
,The maximum number of requests an application pool can process for each IIS 10.0 website must be explicitly set.,CM-6,V-218772,Ongoing,,,,,,,,,,Microsoft IIS 10.0 Site Security Technical Implementation Guide,,,,,medium,SOT-WIN2K22-WEB,,,,,,,,,,,
,Interactive scripts on the IIS 10.0 web server must be located in unique and designated folders.,CM-7,V-218779,Ongoing,,,,,,,,,,Microsoft IIS 10.0 Site Security Technical Implementation Guide,,,,,medium,SOT-WIN2K22-WEB,,,,,,,,,,,
,Interactive scripts on the IIS 10.0 web server must have restrictive access controls.,CM-7,V-218780,Ongoing,,,,,,,,,,Microsoft IIS 10.0 Site Security Technical Implementation Guide,,,,,medium,SOT-WIN2K22-WEB,,,,,,,,,,,
,The required DoD banner page must be displayed to authenticated users accessing a DoD private website.,CM-6,V-218782,Ongoing,,,,,,,,,,Microsoft IIS 10.0 Site Security Technical Implementation Guide,,,,,medium,SOT-WIN2K22-WEB,,,,,,,,,,,
,HTTPAPI Server version must be removed from the HTTP Response Header information.,SI-11,V-278953,Ongoing,,,,,,,,,,Microsoft IIS 10.0 Site Security Technical Implementation Guide,,,,,medium,SOT-WIN2K22-WEB,,,,,,,,,,,
,The log information from the IIS 10.0 website must be protected from unauthorized modification or deletion.,AU-9,V-283673,Ongoing,,,,,,,,,,Microsoft IIS 10.0 Site Security Technical Implementation Guide,,,,,medium,SOT-WIN2K22-WEB,,,,,,,,,,,
,The default search provider URL must be set to perform encrypted searches.,CM-7,V-221565,Ongoing,,,,,,,,,,Google Chrome Current Windows Security Technical Implementation Guide,,,,,medium,"WKS1-SOTERIA, WKS2-SOTERIA, WKS3-SOTERIA, WKS4-SOTERIA, WKS5-SOTERIA",,,,,,,,,,,
,Download restrictions must be configured.,AU-12,V-221588,Ongoing,,,,,,,,,,Google Chrome Current Windows Security Technical Implementation Guide,,,,,medium,"WKS1-SOTERIA, WKS2-SOTERIA, WKS3-SOTERIA, WKS4-SOTERIA, WKS5-SOTERIA, WKS6-SOTERIA, WKS7-SOTERIA",,,,,,,,,,,
,Web Bluetooth API must be disabled.,CM-7,V-241787,Ongoing,,,,,,,,,,Google Chrome Current Windows Security Technical Implementation Guide,,,,,medium,"WKS1-SOTERIA, WKS2-SOTERIA, WKS3-SOTERIA, WKS4-SOTERIA, WKS5-SOTERIA",,,,,,,,,,,
,Turn off Encryption Support must be enabled.,SC-13,V-250540,Ongoing,,,,,,,,,,Microsoft Internet Explorer 11 Security Technical Implementation Guide,,,,,medium,"WKS1-SOTERIA, WKS2-SOTERIA, WKS3-SOTERIA, WKS4-SOTERIA, WKS5-SOTERIA, WKS6-SOTERIA, WKS7-SOTERIA",,,,,,,,,,,
,Windows 11 domain-joined systems must have a Trusted Platform Module (TPM) enabled.,SC-8(1),V-253255,Ongoing,,,,,,,,,,Windows 11 Security Technical Implementation Guide,,,,,medium,"WKS1-SOTERIA, WKS2-SOTERIA, WKS4-SOTERIA, WKS5-SOTERIA",,,,,,,,,,,
,"Windows 11 systems must have Unified Extensible Firmware Interface (UEFI) firmware and be configured to run in UEFI mode, not Legacy BIOS.",SC-8(1),V-253256,Ongoing,,,,,,,,,,Windows 11 Security Technical Implementation Guide,,,,,medium,"WKS1-SOTERIA, WKS2-SOTERIA, WKS4-SOTERIA, WKS5-SOTERIA",,,,,,,,,,,
,Secure Boot must be enabled on Windows 11 systems.,SC-8(1),V-253257,Ongoing,,,,,,,,,,Windows 11 Security Technical Implementation Guide,,,,,medium,"WKS1-SOTERIA, WKS2-SOTERIA, WKS3-SOTERIA, WKS4-SOTERIA, WKS5-SOTERIA, WKS6-SOTERIA, WKS7-SOTERIA",,,,,,,,,,,
,"The operating system must employ a deny-all, permit-by-exception policy to allow the execution of authorized software programs.",CM-7(5),V-253262,Ongoing,,,,,,,,,,Windows 11 Security Technical Implementation Guide,,,,,medium,"WKS1-SOTERIA, WKS2-SOTERIA, WKS3-SOTERIA, WKS4-SOTERIA, WKS5-SOTERIA, WKS6-SOTERIA, WKS7-SOTERIA",,,,,,,,,,,
,Alternate operating systems must not be permitted on the same system.,CM-6,V-253266,Ongoing,,,,,,,,,,Windows 11 Security Technical Implementation Guide,,,,,medium,"WKS1-SOTERIA, WKS2-SOTERIA, WKS4-SOTERIA, WKS5-SOTERIA",,,,,,,,,,,
,Non-system-created file shares on a system must limit access to groups that require it.,SC-4,V-253267,Ongoing,,,,,,,,,,Windows 11 Security Technical Implementation Guide,,,,,medium,"WKS1-SOTERIA, WKS2-SOTERIA, WKS3-SOTERIA, WKS4-SOTERIA, WKS5-SOTERIA, WKS6-SOTERIA, WKS7-SOTERIA",,,,,,,,,,,
,Only accounts responsible for the backup operations must be members of the Backup Operators group.,CM-6,V-253270,Ongoing,,,,,,,,,,Windows 11 Security Technical Implementation Guide,,,,,medium,"WKS1-SOTERIA, WKS2-SOTERIA, WKS3-SOTERIA, WKS4-SOTERIA, WKS5-SOTERIA, WKS6-SOTERIA, WKS7-SOTERIA",,,,,,,,,,,
,Only authorized user accounts must be allowed to create or run virtual machines on Windows 11 systems.,AC-3(4),V-253271,Ongoing,,,,,,,,,,Windows 11 Security Technical Implementation Guide,,,,,medium,"WKS1-SOTERIA, WKS2-SOTERIA, WKS3-SOTERIA, WKS4-SOTERIA, WKS5-SOTERIA, WKS6-SOTERIA, WKS7-SOTERIA",,,,,,,,,,,
,Accounts must be configured to require password expiration.,IA-5(1),V-253273,Ongoing,,,,,,,,,,Windows 11 Security Technical Implementation Guide,,,,,medium,"WKS1-SOTERIA, WKS2-SOTERIA, WKS3-SOTERIA, WKS4-SOTERIA, WKS5-SOTERIA, WKS6-SOTERIA, WKS7-SOTERIA",,,,,,,,,,,
,Permissions for system files and directories must conform to minimum requirements.,AC-3(4),V-253274,Ongoing,,,,,,,,,,Windows 11 Security Technical Implementation Guide,,,,,medium,"WKS1-SOTERIA, WKS2-SOTERIA, WKS4-SOTERIA, WKS5-SOTERIA",,,,,,,,,,,
,Simple Network Management Protocol (SNMP) must not be installed on the system.,CM-7,V-253276,Ongoing,,,,,,,,,,Windows 11 Security Technical Implementation Guide,,,,,medium,"WKS1-SOTERIA, WKS2-SOTERIA, WKS4-SOTERIA, WKS5-SOTERIA",,,,,,,,,,,
,Software certificate installation files must be removed from Windows 11.,CM-6,V-253280,Ongoing,,,,,,,,,,Windows 11 Security Technical Implementation Guide,,,,,medium,"WKS1-SOTERIA, WKS2-SOTERIA, WKS4-SOTERIA, WKS5-SOTERIA",,,,,,,,,,,
,A host-based firewall must be installed and enabled on the system.,CM-6,V-253281,Ongoing,,,,,,,,,,Windows 11 Security Technical Implementation Guide,,,,,medium,"WKS1-SOTERIA, WKS2-SOTERIA, WKS3-SOTERIA, WKS4-SOTERIA, WKS5-SOTERIA, WKS6-SOTERIA, WKS7-SOTERIA",,,,,,,,,,,
,Inbound exceptions to the firewall on Windows 11 domain workstations must only allow authorized remote management hosts.,CM-6,V-253282,Ongoing,,,,,,,,,,Windows 11 Security Technical Implementation Guide,,,,,medium,"WKS1-SOTERIA, WKS2-SOTERIA, WKS3-SOTERIA, WKS4-SOTERIA, WKS5-SOTERIA, WKS6-SOTERIA, WKS7-SOTERIA",,,,,,,,,,,
,The Secondary Logon service must be disabled on Windows 11.,CM-7,V-253289,Ongoing,,,,,,,,,,Windows 11 Security Technical Implementation Guide,,,,,medium,"WKS1-SOTERIA, WKS2-SOTERIA, WKS3-SOTERIA, WKS4-SOTERIA, WKS5-SOTERIA, WKS6-SOTERIA, WKS7-SOTERIA",,,,,,,,,,,
,Orphaned security identifiers (SIDs) must be removed from user rights on Windows 11.,CM-6,V-253290,Ongoing,,,,,,,,,,Windows 11 Security Technical Implementation Guide,,,,,medium,"WKS1-SOTERIA, WKS2-SOTERIA, WKS4-SOTERIA, WKS5-SOTERIA",,,,,,,,,,,
,Bluetooth must be turned off unless approved by the organization.,CM-7,V-253291,Ongoing,,,,,,,,,,Windows 11 Security Technical Implementation Guide,,,,,medium,"WKS1-SOTERIA, WKS2-SOTERIA, WKS4-SOTERIA, WKS5-SOTERIA",,,,,,,,,,,
,The system must notify the user when a Bluetooth device attempts to connect.,CM-6,V-253293,Ongoing,,,,,,,,,,Windows 11 Security Technical Implementation Guide,,,,,medium,"WKS1-SOTERIA, WKS2-SOTERIA, WKS4-SOTERIA, WKS5-SOTERIA",,,,,,,,,,,
,Windows 11 nonpersistent VM sessions must not exceed 24 hours.,SC-28,V-253295,Ongoing,,,,,,,,,,Windows 11 Security Technical Implementation Guide,,,,,medium,"WKS1-SOTERIA, WKS2-SOTERIA, WKS3-SOTERIA, WKS4-SOTERIA, WKS5-SOTERIA, WKS6-SOTERIA, WKS7-SOTERIA",,,,,,,,,,,
,The system must be configured to audit Detailed Tracking - PNP Activity successes.,AU-12,V-253311,Ongoing,,,,,,,,,,Windows 11 Security Technical Implementation Guide,,,,,medium,"WKS1-SOTERIA, WKS2-SOTERIA, WKS4-SOTERIA, WKS5-SOTERIA",,,,,,,,,,,
,The system must be configured to audit Logon/Logoff - Group Membership successes.,AU-12,V-253314,Ongoing,,,,,,,,,,Windows 11 Security Technical Implementation Guide,,,,,medium,"WKS1-SOTERIA, WKS2-SOTERIA, WKS4-SOTERIA, WKS5-SOTERIA",,,,,,,,,,,
,The system must be configured to audit Object Access - Removable Storage failures.,AU-12,V-253323,Ongoing,,,,,,,,,,Windows 11 Security Technical Implementation Guide,,,,,medium,"WKS1-SOTERIA, WKS2-SOTERIA, WKS4-SOTERIA, WKS5-SOTERIA",,,,,,,,,,,
,The system must be configured to audit Object Access - Removable Storage successes.,AU-12,V-253324,Ongoing,,,,,,,,,,Windows 11 Security Technical Implementation Guide,,,,,medium,"WKS1-SOTERIA, WKS2-SOTERIA, WKS4-SOTERIA, WKS5-SOTERIA",,,,,,,,,,,
,Camera access from the lock screen must be disabled.,CM-7,V-253350,Ongoing,,,,,,,,,,Windows 11 Security Technical Implementation Guide,,,,,medium,"WKS1-SOTERIA, WKS2-SOTERIA, WKS4-SOTERIA, WKS5-SOTERIA",,,,,,,,,,,
,Windows 11 must cover or disable the built-in or attached camera when not in use.,CM-7,V-253351,Ongoing,,,,,,,,,,Windows 11 Security Technical Implementation Guide,,,,,medium,"WKS1-SOTERIA, WKS2-SOTERIA, WKS4-SOTERIA, WKS5-SOTERIA",,,,,,,,,,,
,Windows 11 must be configured to prioritize ECC Curves with longer key lengths first.,IA-7,V-253363,Ongoing,,,,,,,,,,Windows 11 Security Technical Implementation Guide,,,,,medium,"WKS1-SOTERIA, WKS2-SOTERIA, WKS4-SOTERIA, WKS5-SOTERIA",,,,,,,,,,,
,Virtualization-based Security must be enabled on Windows 11 with the platform security level configured to Secure Boot or Secure Boot with DMA Protection.,CM-6,V-253369,Ongoing,,,,,,,,,,Windows 11 Security Technical Implementation Guide,,,,,medium,"WKS1-SOTERIA, WKS2-SOTERIA, WKS3-SOTERIA, WKS4-SOTERIA, WKS5-SOTERIA, WKS6-SOTERIA, WKS7-SOTERIA",,,,,,,,,,,
,Virtualization-based protection of code integrity must be enabled.,CM-6,V-253371,Ongoing,,,,,,,,,,Windows 11 Security Technical Implementation Guide,,,,,medium,"WKS1-SOTERIA, WKS2-SOTERIA, WKS3-SOTERIA, WKS4-SOTERIA, WKS5-SOTERIA, WKS6-SOTERIA, WKS7-SOTERIA",,,,,,,,,,,
,Enhanced diagnostic data must be limited to the minimum required to support Windows Analytics.,CM-6,V-253392,Ongoing,,,,,,,,,,Windows 11 Security Technical Implementation Guide,,,,,medium,"WKS1-SOTERIA, WKS2-SOTERIA, WKS4-SOTERIA, WKS5-SOTERIA",,,,,,,,,,,
,Windows Telemetry must not be configured to Full.,SI-11,V-253393,Ongoing,,,,,,,,,,Windows 11 Security Technical Implementation Guide,,,,,medium,"WKS1-SOTERIA, WKS2-SOTERIA, WKS3-SOTERIA, WKS4-SOTERIA, WKS5-SOTERIA, WKS6-SOTERIA, WKS7-SOTERIA",,,,,,,,,,,
,The DoD Root CA certificates must be installed in the Trusted Root Store.,IA-5(2),V-253427,Ongoing,,,,,,,,,,Windows 11 Security Technical Implementation Guide,,,,,medium,"WKS1-SOTERIA, WKS2-SOTERIA, WKS3-SOTERIA, WKS4-SOTERIA, WKS5-SOTERIA, WKS6-SOTERIA, WKS7-SOTERIA",,,,,,,,,,,
,The External Root CA certificates must be installed in the Trusted Root Store on unclassified systems.,IA-5(2),V-253428,Ongoing,,,,,,,,,,Windows 11 Security Technical Implementation Guide,,,,,medium,"WKS1-SOTERIA, WKS2-SOTERIA, WKS3-SOTERIA, WKS4-SOTERIA, WKS5-SOTERIA, WKS6-SOTERIA, WKS7-SOTERIA",,,,,,,,,,,
,The DoD Interoperability Root CA cross-certificates must be installed in the Untrusted Certificates Store on unclassified systems.,SC-23(5),V-253429,Ongoing,,,,,,,,,,Windows 11 Security Technical Implementation Guide,,,,,medium,"WKS1-SOTERIA, WKS2-SOTERIA, WKS3-SOTERIA, WKS4-SOTERIA, WKS5-SOTERIA, WKS6-SOTERIA, WKS7-SOTERIA",,,,,,,,,,,
,The US DOD CCEB Interoperability Root CA cross-certificates must be installed in the Untrusted Certificates Store on unclassified systems.,SC-23(5),V-253430,Ongoing,,,,,,,,,,Windows 11 Security Technical Implementation Guide,,,,,medium,"WKS1-SOTERIA, WKS2-SOTERIA, WKS3-SOTERIA, WKS4-SOTERIA, WKS5-SOTERIA, WKS6-SOTERIA, WKS7-SOTERIA",,,,,,,,,,,
,Default permissions for the HKEY_LOCAL_MACHINE registry hive must be maintained.,AC-6(10),V-253431,Ongoing,,,,,,,,,,Windows 11 Security Technical Implementation Guide,,,,,medium,"WKS1-SOTERIA, WKS2-SOTERIA, WKS4-SOTERIA, WKS5-SOTERIA",,,,,,,,,,,
,The required legal notice must be configured to display before console logon.,AC-7,V-253445,Ongoing,,,,,,,,,,Windows 11 Security Technical Implementation Guide,,,,,medium,"WKS1-SOTERIA, WKS2-SOTERIA, WKS4-SOTERIA, WKS5-SOTERIA",,,,,,,,,,,
,"The system must be configured to use FIPS-compliant algorithms for encryption, hashing, and signing.",SC-13,V-253466,Ongoing,,,,,,,,,,Windows 11 Security Technical Implementation Guide,,,,,medium,"WKS1-SOTERIA, WKS2-SOTERIA, WKS3-SOTERIA, WKS4-SOTERIA, WKS5-SOTERIA, WKS6-SOTERIA, WKS7-SOTERIA",,,,,,,,,,,
,User Account Control must prompt administrators for consent on the secure desktop.,SC-3,V-253469,Ongoing,,,,,,,,,,Windows 11 Security Technical Implementation Guide,,,,,medium,"WKS1-SOTERIA, WKS2-SOTERIA, WKS3-SOTERIA, WKS4-SOTERIA, WKS5-SOTERIA, WKS6-SOTERIA, WKS7-SOTERIA",,,,,,,,,,,
,User Account Control must automatically deny elevation requests for standard users.,IA-11,V-253471,Ongoing,,,,,,,,,,Windows 11 Security Technical Implementation Guide,,,,,medium,"WKS1-SOTERIA, WKS2-SOTERIA, WKS3-SOTERIA, WKS4-SOTERIA, WKS5-SOTERIA, WKS6-SOTERIA, WKS7-SOTERIA",,,,,,,,,,,
,Passwords for enabled local Administrator accounts must be changed at least every 60 days.,IA-5(1),V-253476,Ongoing,,,,,,,,,,Windows 11 Security Technical Implementation Guide,,,,,medium,"WKS1-SOTERIA, WKS2-SOTERIA, WKS3-SOTERIA, WKS4-SOTERIA, WKS5-SOTERIA, WKS6-SOTERIA, WKS7-SOTERIA",,,,,,,,,,,
,Zone information must be preserved when saving attachments.,CM-6,V-253478,Ongoing,,,,,,,,,,Windows 11 Security Technical Implementation Guide,,,,,medium,"WKS1-SOTERIA, WKS2-SOTERIA, WKS4-SOTERIA, WKS5-SOTERIA",,,,,,,,,,,
,"The ""Change the system time"" user right must only be assigned to Administrators and Local Service.",AC-6(10),V-253484,Ongoing,,,,,,,,,,Windows 11 Security Technical Implementation Guide,,,,,medium,"WKS1-SOTERIA, WKS2-SOTERIA, WKS3-SOTERIA, WKS4-SOTERIA, WKS5-SOTERIA, WKS6-SOTERIA, WKS7-SOTERIA",,,,,,,,,,,
,Windows 11 must not have portproxy enabled or in use.,CM-7,V-257592,Ongoing,,,,,,,,,,Windows 11 Security Technical Implementation Guide,,,,,medium,"WKS1-SOTERIA, WKS2-SOTERIA, WKS4-SOTERIA, WKS5-SOTERIA",,,,,,,,,,,
,Windows 11 must have command line process auditing events enabled for failures.,AC-6(9),V-257770,Ongoing,,,,,,,,,,Windows 11 Security Technical Implementation Guide,,,,,medium,"WKS1-SOTERIA, WKS2-SOTERIA, WKS3-SOTERIA, WKS4-SOTERIA, WKS5-SOTERIA, WKS6-SOTERIA, WKS7-SOTERIA",,,,,,,,,,,
,Copilot must be disabled for Windows 11.,CM-7,V-268317,Ongoing,,,,,,,,,,Windows 11 Security Technical Implementation Guide,,,,,medium,"WKS1-SOTERIA, WKS2-SOTERIA, WKS3-SOTERIA, WKS4-SOTERIA, WKS5-SOTERIA, WKS6-SOTERIA, WKS7-SOTERIA",,,,,,,,,,,
,Windows 11 systems must use either Group Policy or an approved Mobile Device Management (MDM) product to enforce STIG compliance.,CM-6,V-268318,Ongoing,,,,,,,,,,Windows 11 Security Technical Implementation Guide,,,,,medium,"WKS1-SOTERIA, WKS2-SOTERIA, WKS4-SOTERIA, WKS5-SOTERIA",,,,,,,,,,,
,Windows 11 must be configured to audit file system failures.,AU-12,V-278926,Ongoing,,,,,,,,,,Windows 11 Security Technical Implementation Guide,,,,,medium,"WKS1-SOTERIA, WKS2-SOTERIA, WKS3-SOTERIA, WKS4-SOTERIA, WKS5-SOTERIA, WKS6-SOTERIA, WKS7-SOTERIA",,,,,,,,,,,
,Windows 11 must be configured to audit file system successes.,AU-12,V-278927,Ongoing,,,,,,,,,,Windows 11 Security Technical Implementation Guide,,,,,medium,"WKS1-SOTERIA, WKS2-SOTERIA, WKS3-SOTERIA, WKS4-SOTERIA, WKS5-SOTERIA, WKS6-SOTERIA, WKS7-SOTERIA",,,,,,,,,,,
,Windows 11 must be configured to audit handle manipulation failures.,AU-12,V-278928,Ongoing,,,,,,,,,,Windows 11 Security Technical Implementation Guide,,,,,medium,"WKS1-SOTERIA, WKS2-SOTERIA, WKS3-SOTERIA, WKS4-SOTERIA, WKS5-SOTERIA, WKS6-SOTERIA, WKS7-SOTERIA",,,,,,,,,,,
,Windows 11 must be configured to audit handle manipulation successes.,AU-12,V-278929,Ongoing,,,,,,,,,,Windows 11 Security Technical Implementation Guide,,,,,medium,"WKS1-SOTERIA, WKS2-SOTERIA, WKS3-SOTERIA, WKS4-SOTERIA, WKS5-SOTERIA, WKS6-SOTERIA, WKS7-SOTERIA",,,,,,,,,,,
,Windows 11 must be configured to audit registry failures.,AU-12,V-278930,Ongoing,,,,,,,,,,Windows 11 Security Technical Implementation Guide,,,,,medium,"WKS1-SOTERIA, WKS2-SOTERIA, WKS3-SOTERIA, WKS4-SOTERIA, WKS5-SOTERIA, WKS6-SOTERIA, WKS7-SOTERIA",,,,,,,,,,,
,Windows 11 must be configured to audit registry successes.,AU-12,V-278931,Ongoing,,,,,,,,,,Windows 11 Security Technical Implementation Guide,,,,,medium,"WKS1-SOTERIA, WKS2-SOTERIA, WKS3-SOTERIA, WKS4-SOTERIA, WKS5-SOTERIA, WKS6-SOTERIA, WKS7-SOTERIA",,,,,,,,,,,
,Windows 11 systems must block consumer account user authentication.,CM-7,V-279688,Ongoing,,,,,,,,,,Windows 11 Security Technical Implementation Guide,,,,,medium,"WKS1-SOTERIA, WKS2-SOTERIA, WKS3-SOTERIA, WKS4-SOTERIA, WKS5-SOTERIA, WKS6-SOTERIA, WKS7-SOTERIA",,,,,,,,,,,
,Firefox must be configured to ask which certificate to present to a website when a certificate is required.,IA-5(2),V-251547,Ongoing,,,,,,,,,,Mozilla Firefox Security Technical Implementation Guide,,,,,medium,"WKS1-SOTERIA, WKS2-SOTERIA, WKS3-SOTERIA, WKS4-SOTERIA, WKS5-SOTERIA, WKS6-SOTERIA, WKS7-SOTERIA",,,,,,,,,,,
,Firefox must be configured to not automatically check for updated versions of installed search plugins.,CM-7,V-251548,Ongoing,,,,,,,,,,Mozilla Firefox Security Technical Implementation Guide,,,,,medium,"WKS1-SOTERIA, WKS2-SOTERIA, WKS3-SOTERIA, WKS4-SOTERIA, WKS5-SOTERIA, WKS6-SOTERIA, WKS7-SOTERIA",,,,,,,,,,,
,Firefox must be configured to not automatically execute or download MIME types that are not authorized for auto-download.,,V-251550,Ongoing,,,,,,,,,,Mozilla Firefox Security Technical Implementation Guide,,,,,medium,"WKS1-SOTERIA, WKS2-SOTERIA, WKS3-SOTERIA, WKS4-SOTERIA, WKS5-SOTERIA, WKS6-SOTERIA, WKS7-SOTERIA",,,,,,,,,,,
,Firefox must be configured to not use a password store with or without a master password.,CM-7,V-251552,Ongoing,,,,,,,,,,Mozilla Firefox Security Technical Implementation Guide,,,,,medium,"WKS1-SOTERIA, WKS2-SOTERIA, WKS3-SOTERIA, WKS4-SOTERIA, WKS5-SOTERIA, WKS6-SOTERIA, WKS7-SOTERIA",,,,,,,,,,,
,Firefox must be configured to block pop-up windows.,CM-7,V-251553,Ongoing,,,,,,,,,,Mozilla Firefox Security Technical Implementation Guide,,,,,medium,"WKS1-SOTERIA, WKS2-SOTERIA, WKS3-SOTERIA, WKS4-SOTERIA, WKS5-SOTERIA, WKS6-SOTERIA, WKS7-SOTERIA",,,,,,,,,,,
,Firefox must be configured to prevent JavaScript from moving or resizing windows.,CM-7,V-251554,Ongoing,,,,,,,,,,Mozilla Firefox Security Technical Implementation Guide,,,,,medium,"WKS1-SOTERIA, WKS2-SOTERIA, WKS3-SOTERIA, WKS4-SOTERIA, WKS5-SOTERIA, WKS6-SOTERIA, WKS7-SOTERIA",,,,,,,,,,,
,Firefox must be configured to prevent JavaScript from raising or lowering windows.,CM-7,V-251555,Ongoing,,,,,,,,,,Mozilla Firefox Security Technical Implementation Guide,,,,,medium,"WKS1-SOTERIA, WKS2-SOTERIA, WKS3-SOTERIA, WKS4-SOTERIA, WKS5-SOTERIA, WKS6-SOTERIA, WKS7-SOTERIA",,,,,,,,,,,
,Firefox must be configured to disable the installation of extensions.,CM-7,V-251557,Ongoing,,,,,,,,,,Mozilla Firefox Security Technical Implementation Guide,,,,,medium,"WKS1-SOTERIA, WKS2-SOTERIA, WKS3-SOTERIA, WKS4-SOTERIA, WKS5-SOTERIA, WKS6-SOTERIA, WKS7-SOTERIA",,,,,,,,,,,
,Firefox must have the DOD root certificates installed.,IA-5(2),V-251560,Ongoing,,,,,,,,,,Mozilla Firefox Security Technical Implementation Guide,,,,,medium,"WKS1-SOTERIA, WKS2-SOTERIA, WKS3-SOTERIA, WKS4-SOTERIA, WKS5-SOTERIA, WKS6-SOTERIA, WKS7-SOTERIA",,,,,,,,,,,
,Firefox must prevent the user from quickly deleting data.,AU-10,V-251562,Ongoing,,,,,,,,,,Mozilla Firefox Security Technical Implementation Guide,,,,,medium,"WKS1-SOTERIA, WKS2-SOTERIA, WKS3-SOTERIA, WKS4-SOTERIA, WKS5-SOTERIA, WKS6-SOTERIA, WKS7-SOTERIA",,,,,,,,,,,
,Firefox private browsing must be disabled.,CM-7,V-251563,Ongoing,,,,,,,,,,Mozilla Firefox Security Technical Implementation Guide,,,,,medium,"WKS1-SOTERIA, WKS2-SOTERIA, WKS3-SOTERIA, WKS4-SOTERIA, WKS5-SOTERIA, WKS6-SOTERIA, WKS7-SOTERIA",,,,,,,,,,,
,Firefox search suggestions must be disabled.,CM-7,V-251564,Ongoing,,,,,,,,,,Mozilla Firefox Security Technical Implementation Guide,,,,,medium,"WKS1-SOTERIA, WKS2-SOTERIA, WKS3-SOTERIA, WKS4-SOTERIA, WKS5-SOTERIA, WKS6-SOTERIA, WKS7-SOTERIA",,,,,,,,,,,
,Firefox network prediction must be disabled.,CM-7,V-251566,Ongoing,,,,,,,,,,Mozilla Firefox Security Technical Implementation Guide,,,,,medium,"WKS1-SOTERIA, WKS2-SOTERIA, WKS3-SOTERIA, WKS4-SOTERIA, WKS5-SOTERIA, WKS6-SOTERIA, WKS7-SOTERIA",,,,,,,,,,,
,Firefox Enhanced Tracking Protection must be enabled.,CM-7,V-251569,Ongoing,,,,,,,,,,Mozilla Firefox Security Technical Implementation Guide,,,,,medium,"WKS1-SOTERIA, WKS2-SOTERIA, WKS3-SOTERIA, WKS4-SOTERIA, WKS5-SOTERIA, WKS6-SOTERIA, WKS7-SOTERIA",,,,,,,,,,,
,Firefox extension recommendations must be disabled.,CM-7,V-251570,Ongoing,,,,,,,,,,Mozilla Firefox Security Technical Implementation Guide,,,,,medium,"WKS1-SOTERIA, WKS2-SOTERIA, WKS3-SOTERIA, WKS4-SOTERIA, WKS5-SOTERIA, WKS6-SOTERIA, WKS7-SOTERIA",,,,,,,,,,,
,Firefox deprecated ciphers must be disabled.,CM-7,V-251571,Ongoing,,,,,,,,,,Mozilla Firefox Security Technical Implementation Guide,,,,,medium,"WKS1-SOTERIA, WKS2-SOTERIA, WKS3-SOTERIA, WKS4-SOTERIA, WKS5-SOTERIA, WKS6-SOTERIA, WKS7-SOTERIA",,,,,,,,,,,
,"The Firefox New Tab page must not show Top Sites, Sponsored Top Sites, Pocket Recommendations, Sponsored Pocket Stories, Searches, Highlights, or Snippets.",CM-7,V-251573,Ongoing,,,,,,,,,,Mozilla Firefox Security Technical Implementation Guide,,,,,medium,"WKS1-SOTERIA, WKS2-SOTERIA, WKS3-SOTERIA, WKS4-SOTERIA, WKS5-SOTERIA, WKS6-SOTERIA, WKS7-SOTERIA",,,,,,,,,,,
,Firefox must be configured so that DNS over HTTPS is disabled.,CM-7,V-251577,Ongoing,,,,,,,,,,Mozilla Firefox Security Technical Implementation Guide,,,,,medium,"WKS1-SOTERIA, WKS2-SOTERIA, WKS3-SOTERIA, WKS4-SOTERIA, WKS5-SOTERIA, WKS6-SOTERIA, WKS7-SOTERIA",,,,,,,,,,,
,Firefox accounts must be disabled.,CM-7,V-251578,Ongoing,,,,,,,,,,Mozilla Firefox Security Technical Implementation Guide,,,,,medium,"WKS1-SOTERIA, WKS2-SOTERIA, WKS3-SOTERIA, WKS4-SOTERIA, WKS5-SOTERIA, WKS6-SOTERIA, WKS7-SOTERIA",,,,,,,,,,,
,Firefox feedback reporting must be disabled.,CM-7,V-251580,Ongoing,,,,,,,,,,Mozilla Firefox Security Technical Implementation Guide,,,,,medium,"WKS1-SOTERIA, WKS2-SOTERIA, WKS3-SOTERIA, WKS4-SOTERIA, WKS5-SOTERIA, WKS6-SOTERIA, WKS7-SOTERIA",,,,,,,,,,,
,Firefox encrypted media extensions must be disabled.,CM-7,V-251581,Ongoing,,,,,,,,,,Mozilla Firefox Security Technical Implementation Guide,,,,,medium,"WKS1-SOTERIA, WKS2-SOTERIA, WKS3-SOTERIA, WKS4-SOTERIA, WKS5-SOTERIA, WKS6-SOTERIA, WKS7-SOTERIA",,,,,,,,,,,
,Firefox must be configured to not delete data upon shutdown.,CM-7,V-252881,Ongoing,,,,,,,,,,Mozilla Firefox Security Technical Implementation Guide,,,,,medium,"WKS1-SOTERIA, WKS2-SOTERIA, WKS3-SOTERIA, WKS4-SOTERIA, WKS5-SOTERIA, WKS6-SOTERIA, WKS7-SOTERIA",,,,,,,,,,,
,Pocket must be disabled.,CM-7,V-252908,Ongoing,,,,,,,,,,Mozilla Firefox Security Technical Implementation Guide,,,,,medium,"WKS1-SOTERIA, WKS2-SOTERIA, WKS3-SOTERIA, WKS4-SOTERIA, WKS5-SOTERIA, WKS6-SOTERIA, WKS7-SOTERIA",,,,,,,,,,,
,Firefox Studies must be disabled.,CM-7,V-252909,Ongoing,,,,,,,,,,Mozilla Firefox Security Technical Implementation Guide,,,,,medium,"WKS1-SOTERIA, WKS2-SOTERIA, WKS3-SOTERIA, WKS4-SOTERIA, WKS5-SOTERIA, WKS6-SOTERIA, WKS7-SOTERIA",,,,,,,,,,,
,Microsoft Defender AV must be configured to check in real time with MAPS before content is run or accessed.,SI-3,V-213433,Ongoing,,,,,,,,,,Microsoft Defender Antivirus Security Technical Implementation Guide,,,,,medium,"WKS1-SOTERIA, WKS2-SOTERIA, WKS3-SOTERIA, WKS4-SOTERIA, WKS5-SOTERIA, WKS6-SOTERIA, WKS7-SOTERIA",,,,,,,,,,,
,Microsoft Defender AV must join Microsoft MAPS.,SC-18(4),V-213434,Ongoing,,,,,,,,,,Microsoft Defender Antivirus Security Technical Implementation Guide,,,,,medium,"WKS1-SOTERIA, WKS2-SOTERIA, WKS3-SOTERIA, WKS4-SOTERIA, WKS5-SOTERIA, WKS6-SOTERIA, WKS7-SOTERIA",,,,,,,,,,,
,Microsoft Defender AV must be configured to only send safe samples for MAPS telemetry.,SC-18(4),V-213435,Ongoing,,,,,,,,,,Microsoft Defender Antivirus Security Technical Implementation Guide,,,,,medium,"WKS1-SOTERIA, WKS2-SOTERIA, WKS3-SOTERIA, WKS4-SOTERIA, WKS5-SOTERIA, WKS6-SOTERIA, WKS7-SOTERIA",,,,,,,,,,,
,Adobe Acrobat Pro DC Continuous FIPS mode must be enabled.,SC-13,V-245874,Ongoing,,,,,,,,,,Adobe Acrobat Professional DC Continuous Track Security Technical Implementation Guide,,,,,medium,"WKS2-SOTERIA, WKS3-SOTERIA, WKS7-SOTERIA",,,,,,,,,,,
,AutoComplete feature for forms must be disallowed.,CM-7,V-223122,Ongoing,,,,,,,,,,Microsoft Internet Explorer 11 Security Technical Implementation Guide,,,,,medium,"WKS2-SOTERIA, WKS3-SOTERIA, WKS7-SOTERIA",,,,,,,,,,,
,Turn on the auto-complete feature for user names and passwords on forms must be disabled.,CM-7,V-223124,Ongoing,,,,,,,,,,Microsoft Internet Explorer 11 Security Technical Implementation Guide,,,,,medium,"WKS2-SOTERIA, WKS3-SOTERIA, WKS7-SOTERIA",,,,,,,,,,,
,Adobe Reader DC must enable FIPS mode.,SC-13,V-213193,Ongoing,,,,,,,,,,Adobe Acrobat Reader DC Continuous Track Security Technical Implementation Guide,,,,,medium,WKS7-SOTERIA,,,,,,,,,,,
,"Title:
Microsoft Teams for Desktop < 25163.3611.3774.6315 Elevation of Privilege (July 2025)

Description:
The version of Microsoft Teams for Desktop on the remote Windows host is prior to 25163.3611.3774.6315 It is, therefore, affected by an elevation of privilege vulnerability:

  - Improper handling of insufficient permissions or privileges in Microsoft Teams allows an authorized     attacker to elevate privileges over a network. (CVE-2025-49731)

Note that Nessus has not tested for this issue but has instead relied only on the application's self-reported version number.",,264898,Ongoing,,,,,,,,,,ACAS / Nessus :: 10.10.1.202603040133,,,,,Low,"WKS7-SOTERIA, WKS6-SOTERIA, WKS5-SOTERIA, WKS3-SOTERIA",,,,,,,,,,,
,User control of proxy settings must be disabled.,AC-4,V-235719,Ongoing,,,,,,,,,,Microsoft Edge Security Technical Implementation Guide,,,,,low,"SOT-WIN2K22-01, SOT-WIN2K22-02, SOT-WIN2K22-SQL, SOT-WIN2K22-WEB, WKS1-SOTERIA, WKS2-SOTERIA, WKS3-SOTERIA, WKS4-SOTERIA, WKS5-SOTERIA, WKS6-SOTERIA, WKS7-SOTERIA",,,,,,,,,,,
,The list of domains for which Microsoft Defender SmartScreen will not trigger warnings must be allowlisted if used.,MA-3(2),V-235722,Ongoing,,,,,,,,,,Microsoft Edge Security Technical Implementation Guide,,,,,low,"SOT-WIN2K22-01, SOT-WIN2K22-02, SOT-WIN2K22-SQL, SOT-WIN2K22-WEB, WKS1-SOTERIA, WKS2-SOTERIA, WKS3-SOTERIA, WKS4-SOTERIA, WKS5-SOTERIA, WKS6-SOTERIA, WKS7-SOTERIA",,,,,,,,,,,
,URLs must be allowlisted for plugin use if used.,CM-11(2),V-235753,Ongoing,,,,,,,,,,Microsoft Edge Security Technical Implementation Guide,,,,,low,"SOT-WIN2K22-01, SOT-WIN2K22-02, SOT-WIN2K22-SQL, SOT-WIN2K22-WEB, WKS1-SOTERIA, WKS2-SOTERIA, WKS3-SOTERIA, WKS4-SOTERIA, WKS5-SOTERIA, WKS6-SOTERIA, WKS7-SOTERIA",,,,,,,,,,,
,Extensions that are approved for use must be allowlisted if used.,CM-7(5),V-235755,Ongoing,,,,,,,,,,Microsoft Edge Security Technical Implementation Guide,,,,,low,"SOT-WIN2K22-01, SOT-WIN2K22-02, SOT-WIN2K22-SQL, SOT-WIN2K22-WEB, WKS1-SOTERIA, WKS2-SOTERIA, WKS3-SOTERIA, WKS4-SOTERIA, WKS5-SOTERIA, WKS6-SOTERIA, WKS7-SOTERIA",,,,,,,,,,,
,The list of domains media autoplay allows must be allowlisted if used.,CM-7,V-251694,Ongoing,,,,,,,,,,Microsoft Edge Security Technical Implementation Guide,,,,,low,"SOT-WIN2K22-01, SOT-WIN2K22-02, SOT-WIN2K22-SQL, SOT-WIN2K22-WEB, WKS1-SOTERIA, WKS2-SOTERIA, WKS3-SOTERIA, WKS4-SOTERIA, WKS5-SOTERIA, WKS6-SOTERIA, WKS7-SOTERIA",,,,,,,,,,,
,Windows Server 2022 nonadministrative accounts or groups must only have print permissions on printer shares.,AC-3,V-254255,Ongoing,,,,,,,,,,Windows Server 2022 Security Technical Implementation Guide,,,,,low,SOT-WIN2K22-01,,,,,,,,,,,
,The Windows Server 2022 time service must synchronize with an appropriate DOD time source.,SC-45(1),V-254281,Ongoing,,,,,,,,,,Windows Server 2022 Security Technical Implementation Guide,,,,,low,SOT-WIN2K22-01,,,,,,,,,,,
,Windows Defender Firewall with Advanced Security log size must be configured for private network connections.,AU-5,V-241999,Ongoing,,,,,,,,,,Windows Defender Firewall with Advanced Security Security Technical Implementation Guide,,,,,low,"SOT-WIN2K22-01, SOT-WIN2K22-02, SOT-WIN2K22-SQL, SOT-WIN2K22-WEB, WKS1-SOTERIA, WKS2-SOTERIA, WKS3-SOTERIA, WKS4-SOTERIA, WKS5-SOTERIA, WKS6-SOTERIA, WKS7-SOTERIA",,,,,,,,,,,
,Windows Defender Firewall with Advanced Security must log dropped packets when connected to a private network.,AU-12,V-242000,Ongoing,,,,,,,,,,Windows Defender Firewall with Advanced Security Security Technical Implementation Guide,,,,,low,"SOT-WIN2K22-01, SOT-WIN2K22-02, SOT-WIN2K22-SQL, SOT-WIN2K22-WEB, WKS1-SOTERIA, WKS2-SOTERIA, WKS3-SOTERIA, WKS4-SOTERIA, WKS5-SOTERIA, WKS6-SOTERIA, WKS7-SOTERIA",,,,,,,,,,,
,Windows Defender Firewall with Advanced Security must log successful connections when connected to a private network.,,V-242001,Ongoing,,,,,,,,,,Windows Defender Firewall with Advanced Security Security Technical Implementation Guide,,,,,low,"SOT-WIN2K22-01, SOT-WIN2K22-02, SOT-WIN2K22-SQL, SOT-WIN2K22-WEB, WKS1-SOTERIA, WKS2-SOTERIA, WKS3-SOTERIA, WKS4-SOTERIA, WKS5-SOTERIA, WKS6-SOTERIA, WKS7-SOTERIA",,,,,,,,,,,
,Windows Defender Firewall with Advanced Security log size must be configured for public network connections.,AU-5,V-242006,Ongoing,,,,,,,,,,Windows Defender Firewall with Advanced Security Security Technical Implementation Guide,,,,,low,"SOT-WIN2K22-01, SOT-WIN2K22-02, SOT-WIN2K22-SQL, SOT-WIN2K22-WEB, WKS1-SOTERIA, WKS2-SOTERIA, WKS3-SOTERIA, WKS4-SOTERIA, WKS5-SOTERIA, WKS6-SOTERIA, WKS7-SOTERIA",,,,,,,,,,,
,Windows Defender Firewall with Advanced Security must log dropped packets when connected to a public network.,AU-12,V-242007,Ongoing,,,,,,,,,,Windows Defender Firewall with Advanced Security Security Technical Implementation Guide,,,,,low,"SOT-WIN2K22-01, SOT-WIN2K22-02, SOT-WIN2K22-SQL, SOT-WIN2K22-WEB, WKS1-SOTERIA, WKS2-SOTERIA, WKS3-SOTERIA, WKS4-SOTERIA, WKS5-SOTERIA, WKS6-SOTERIA, WKS7-SOTERIA",,,,,,,,,,,
,Windows Defender Firewall with Advanced Security must log successful connections when connected to a public network.,,V-242008,Ongoing,,,,,,,,,,Windows Defender Firewall with Advanced Security Security Technical Implementation Guide,,,,,low,"SOT-WIN2K22-01, SOT-WIN2K22-02, SOT-WIN2K22-SQL, SOT-WIN2K22-WEB, WKS1-SOTERIA, WKS2-SOTERIA, WKS3-SOTERIA, WKS4-SOTERIA, WKS5-SOTERIA, WKS6-SOTERIA, WKS7-SOTERIA",,,,,,,,,,,
,.Net applications that invoke NetFx40_LegacySecurityPolicy must apply previous versions of .NET STIG guidance.,CM-6,V-225232,Ongoing,,,,,,,,,,Microsoft DotNet Framework 4.0 Security Technical Implementation Guide,,,,,low,"SOT-WIN2K22-02, SOT-WIN2K22-SQL, SOT-WIN2K22-WEB, WKS1-SOTERIA, WKS2-SOTERIA, WKS3-SOTERIA, WKS4-SOTERIA, WKS5-SOTERIA, WKS6-SOTERIA, WKS7-SOTERIA",,,,,,,,,,,
,.NET default proxy settings must be reviewed and approved.,CM-6,V-225234,Ongoing,,,,,,,,,,Microsoft DotNet Framework 4.0 Security Technical Implementation Guide,,,,,low,"SOT-WIN2K22-02, SOT-WIN2K22-SQL, SOT-WIN2K22-WEB, WKS1-SOTERIA, WKS2-SOTERIA, WKS3-SOTERIA, WKS4-SOTERIA, WKS5-SOTERIA, WKS6-SOTERIA, WKS7-SOTERIA",,,,,,,,,,,
,Windows Defender Firewall with Advanced Security log size must be configured for domain connections.,AU-5,V-241994,Ongoing,,,,,,,,,,Windows Defender Firewall with Advanced Security Security Technical Implementation Guide,,,,,low,"SOT-WIN2K22-02, SOT-WIN2K22-SQL, SOT-WIN2K22-WEB, WKS1-SOTERIA, WKS2-SOTERIA, WKS3-SOTERIA, WKS4-SOTERIA, WKS5-SOTERIA, WKS6-SOTERIA, WKS7-SOTERIA",,,,,,,,,,,
,Windows Defender Firewall with Advanced Security must log dropped packets when connected to a domain.,AU-12,V-241995,Ongoing,,,,,,,,,,Windows Defender Firewall with Advanced Security Security Technical Implementation Guide,,,,,low,"SOT-WIN2K22-02, SOT-WIN2K22-SQL, SOT-WIN2K22-WEB, WKS1-SOTERIA, WKS2-SOTERIA, WKS3-SOTERIA, WKS4-SOTERIA, WKS5-SOTERIA, WKS6-SOTERIA, WKS7-SOTERIA",,,,,,,,,,,
,Windows Defender Firewall with Advanced Security must log successful connections when connected to a domain.,,V-241996,Ongoing,,,,,,,,,,Windows Defender Firewall with Advanced Security Security Technical Implementation Guide,,,,,low,"SOT-WIN2K22-02, SOT-WIN2K22-SQL, SOT-WIN2K22-WEB, WKS1-SOTERIA, WKS2-SOTERIA, WKS3-SOTERIA, WKS4-SOTERIA, WKS5-SOTERIA, WKS6-SOTERIA, WKS7-SOTERIA",,,,,,,,,,,
,The IIS 10.0 web server must enable HTTP Strict Transport Security (HSTS).,CM-6,V-218827,Ongoing,,,,,,,,,,Microsoft IIS 10.0 Server Security Technical Implementation Guide,,,,,low,SOT-WIN2K22-WEB,,,,,,,,,,,
,Unused accounts must be disabled or removed from the system after 35 days of inactivity.,AU-12,V-253268,Ongoing,,,,,,,,,,Windows 11 Security Technical Implementation Guide,,,,,low,"WKS1-SOTERIA, WKS2-SOTERIA, WKS3-SOTERIA, WKS4-SOTERIA, WKS5-SOTERIA, WKS6-SOTERIA, WKS7-SOTERIA",,,,,,,,,,,
,Standard local user accounts must not exist on a system in a domain.,CM-6,V-253272,Ongoing,,,,,,,,,,Windows 11 Security Technical Implementation Guide,,,,,low,"WKS1-SOTERIA, WKS2-SOTERIA, WKS3-SOTERIA, WKS4-SOTERIA, WKS5-SOTERIA, WKS6-SOTERIA, WKS7-SOTERIA",,,,,,,,,,,
,The Windows 11 time service must synchronize with an appropriate DOD time source.,SC-45(1),V-253296,Ongoing,,,,,,,,,,Windows 11 Security Technical Implementation Guide,,,,,low,"WKS1-SOTERIA, WKS2-SOTERIA, WKS3-SOTERIA, WKS4-SOTERIA, WKS5-SOTERIA, WKS6-SOTERIA, WKS7-SOTERIA",,,,,,,,,,,
,Windows 11 must be configured to prevent users from receiving suggestions for third-party or additional applications.,CM-7,V-253425,Ongoing,,,,,,,,,,Windows 11 Security Technical Implementation Guide,,,,,low,"WKS1-SOTERIA, WKS2-SOTERIA, WKS3-SOTERIA, WKS4-SOTERIA, WKS5-SOTERIA, WKS7-SOTERIA",,,,,,,,,,,
,The Windows message title for the legal notice must be configured.,AC-8,V-253446,Ongoing,,,,,,,,,,Windows 11 Security Technical Implementation Guide,,,,,low,"WKS1-SOTERIA, WKS2-SOTERIA, WKS4-SOTERIA, WKS5-SOTERIA",,,,,,,,,,,
,Toast notifications to the lock screen must be turned off.,CM-7,V-253477,Ongoing,,,,,,,,,,Windows 11 Security Technical Implementation Guide,,,,,low,"WKS1-SOTERIA, WKS2-SOTERIA, WKS3-SOTERIA, WKS4-SOTERIA, WKS5-SOTERIA, WKS7-SOTERIA",,,,,,,,,,,
,Firefox autoplay must be disabled.,CM-7,V-251565,Ongoing,,,,,,,,,,Mozilla Firefox Security Technical Implementation Guide,,,,,low,"WKS1-SOTERIA, WKS2-SOTERIA, WKS3-SOTERIA, WKS4-SOTERIA, WKS5-SOTERIA, WKS6-SOTERIA, WKS7-SOTERIA",,,,,,,,,,,
,Adobe Acrobat Pro DC Continuous periodic downloading of Adobe European certificates must be disabled.,SC-23(5),V-213126,Ongoing,,,,,,,,,,Adobe Acrobat Professional DC Continuous Track Security Technical Implementation Guide,,,,,low,"WKS2-SOTERIA, WKS3-SOTERIA, WKS7-SOTERIA",,,,,,,,,,,
,Adobe Acrobat Pro DC Continuous Periodic downloading of Adobe certificates must be disabled.,SC-23(5),V-213138,Ongoing,,,,,,,,,,Adobe Acrobat Professional DC Continuous Track Security Technical Implementation Guide,,,,,low,"WKS2-SOTERIA, WKS3-SOTERIA, WKS7-SOTERIA",,,,,,,,,,,
,Check for publishers certificate revocation must be enforced.,IA-5(2),V-223016,Ongoing,,,,,,,,,,Microsoft Internet Explorer 11 Security Technical Implementation Guide,,,,,low,"WKS2-SOTERIA, WKS3-SOTERIA, WKS7-SOTERIA",,,,,,,,,,,
,Adobe Reader DC must disable periodical uploading of European certificates.,SC-23(5),V-213190,Ongoing,,,,,,,,,,Adobe Acrobat Reader DC Continuous Track Security Technical Implementation Guide,,,,,low,WKS7-SOTERIA,,,,,,,,,,,
,Adobe Reader DC must disable periodical uploading of Adobe certificates.,SC-23(5),V-213191,Ongoing,,,,,,,,,,Adobe Acrobat Reader DC Continuous Track Security Technical Implementation Guide,,,,,low,WKS7-SOTERIA,,,,,,,,,,,
,Develop the results of information security measures of performance.,PM-6,CCI-000209,Ongoing,,,,,,,,,,This is done on a per contract basis for the agency or organization and must be reviewed and updated accordingly.,,,,,Low,,,,,,,,,,,,
,Develop the results of information security measures of performance.,PM-6,CCI-000210,Ongoing,,,,,,,,,,This is done on a per contract basis for the agency or organization and must be reviewed and updated accordingly.,,,,,Low,,,,,,,,,,,,
,Develop the results of information security measures of performance.,PM-6,CCI-000211,Ongoing,,,,,,,,,,This is done on a per contract basis for the agency or organization and must be reviewed and updated accordingly.,,,,,Low,,,,,,,,,,,,
,"Develop an enterprise architecture with consideration for information security and the resulting risk to organizational operations, organizational assets, individuals, other organizations, and the Nation.",PM-7,CCI-000212,Ongoing,,,,,,,,,,This is done on a per contract basis for the agency or organization and must be reviewed and updated accordingly.,,,,,Low,,,,,,,,,,,,
,Address information security issues in the development and documentation of a critical infrastructure and key resources protection plan.,PM-8,CCI-001640,Ongoing,,,,,,,,,,This is done on a per contract basis for the agency or organization and must be reviewed and updated accordingly.,,,,,Low,,,,,,,,,,,,
,"Develop a comprehensive strategy to manage security risk to organizational operations and assets, individuals, other organizations, and the Nation associated with the operation and use of information systems.",PM-9,CCI-000227,Ongoing,,,,,,,,,,This is done on a per contract basis for the agency or organization and must be reviewed and updated accordingly.,,,,,Low,,,,,,,,,,,,
,"Develop a comprehensive strategy to manage security risk to organizational operations and assets, individuals, other organizations, and the Nation associated with the operation and use of information systems.",PM-9,CCI-000228,Ongoing,,,,,,,,,,This is done on a per contract basis for the agency or organization and must be reviewed and updated accordingly.,,,,,Low,,,,,,,,,,,,
,"Develop a comprehensive strategy to manage security risk to organizational operations and assets, individuals, other organizations, and the Nation associated with the operation and use of information systems.",PM-9,CCI-002994,Ongoing,,,,,,,,,,This is done on a per contract basis for the agency or organization and must be reviewed and updated accordingly.,,,,,Low,,,,,,,,,,,,
,"Develop a comprehensive strategy to manage security risk to organizational operations and assets, individuals, other organizations, and the Nation associated with the operation and use of information systems.",PM-9,CCI-002995,Ongoing,,,,,,,,,,This is done on a per contract basis for the agency or organization and must be reviewed and updated accordingly.,,,,,Low,,,,,,,,,,,,
,Designate individuals to fulfill specific roles and responsibilities within the organizational risk management process.,PM-10,CCI-000233,Ongoing,,,,,,,,,,This is done on a per contract basis for the agency or organization and must be reviewed and updated accordingly.,,,,,Low,,,,,,,,,,,,
,Designate individuals to fulfill specific roles and responsibilities within the organizational risk management process.,PM-10,CCI-000234,Ongoing,,,,,,,,,,This is done on a per contract basis for the agency or organization and must be reviewed and updated accordingly.,,,,,Low,,,,,,,,,,,,
,Provide irrefutable evidence that an individual (or process acting on behalf of an individual) falsely denying having performed organization-defined actions to be covered by non-repudiation.,AU-10,CCI-001899,Ongoing,,,,,,,,,,Compliance Statement for AU-10 CCI-001899,,,,,Low,,,,,,,,,,,,
,Retain audit records for an organization-defined time period to provide support for after-the-fact investigations of incidents and to meet regulatory and organizational information retention requirements.,AU-11,CCI-000167,Ongoing,,,,,,,,,,Compliance Statement for AU-11 CCI-000167,,,,,Low,,,,,,,,,,,,
,Retain audit records for an organization-defined time period to provide support for after-the-fact investigations of incidents and to meet regulatory and organizational information retention requirements.,AU-11,CCI-000168,Ongoing,,,,,,,,,,Compliance Statement for AU-11 CCI-000168,,,,,Low,,,,,,,,,,,,
,,,,,,,,,,,,,,,,,,,,,,,,,,,,,,,